tree
version=v4
num_class=1
num_tree_per_iteration=1
label_index=0
max_feature_idx=18
objective=binary sigmoid:1
feature_names=win_pct_home ppg_home opp_ppg_home plus_minus_avg_home last10_win_pct_home win_pct_away ppg_away opp_ppg_away plus_minus_avg_away last10_win_pct_away home_split_win_pct away_split_win_pct net_rtg_diff home_team_away_ppg away_team_home_ppg off_efficiency_home off_efficiency_away tov_rate_home tov_rate_away
feature_infos=[0:1] [94.799999999999997:128.80000000000001] [95.571428571428569:127.04000000000001] [-17:16.714285714285715] [0:1] [0:1] [93.5:128.52380952380952] [92.400000000000006:128.66666666666669] [-14.5:18.399999999999999] [0:1] [0:1] [0:1] [-25.600000000000001:23.576470588235296] [88:131.42857142857142] [91.75:137] [94.079092716694873:121.19702982298041] [94.235033259423489:122.93806411453471] [9.3774100820304263:18.67123074529329] [9.5896520963425491:18.478260869565215]
tree_sizes=1677 1744 1742 1741 1747 1746 1737 1746 1746 1749 1737 1749 1747 1745 1743 1743 1748 1758 1742 1746 1752 1737 1746 1752 1738 1755 1738 1750 1750 1744 1742 1747 1750 1757 1745 1749 1751 1749 1756 1737 1746 1753 1752 1750 1748 1759 1739 1746 1758 1757 1750 1751 1759 1742 1748 1752 1745 1757 1738 1756 1757 1744 1751 1755 1751 1753 1739 1752 1745 1740 1750 1756 1749 1753 1752 1757 1753 1748 1758 1752 1750 1749 1759 1762 1755 1753 1744 1748 1757 1758 1751 1756 1754 1749 1748 1747 1751 1744 1747 1750 1740 1752 1751 1754 1742 1741 1752 1744 1758 1754 1752 1751 1753 1747 1756 1755 1757 1758 1750 1736 1758 1749 1757 1754 1745 1744 1750 1756 1757 1741 1756 1752 1760 1748 1744 1747 1758 1758 1756 1746 1752 1747 1745 1761 1736 1743 1746 1754 1763 1756 1756 1746 1754 1748 1746 1755 1742

Tree=0
num_leaves=15
num_cat=0
split_feature=12 12 0 11 18 8 11 12 2 6 16 0 12 0
split_gain=372.034 90.9476 60.6597 12.2604 10.9633 10.1293 8.64664 8.37088 7.15157 7.02475 6.68669 6.60145 6.30869 6.09979
threshold=-1.5779160382101554 4.6490609253321127 0.37590579710144933 0.46770833333333339 14.242294046186744 -5.1937499999999988 0.39736842105263165 9.2598011792129462 115.11295681063125 111.83666666666669 112.70329494253302 0.45738498789346255 8.8317750898986613 0.54870335230866552
decision_type=2 2 2 2 2 2 2 2 2 2 2 2 2 2
left_child=2 5 -1 9 11 -2 13 12 -8 -4 -11 -5 -3 -7
right_child=1 7 3 4 -6 6 8 -9 -10 10 -12 -13 -14 -15
leaf_value=0.22077804754158573 0.23513526580252977 0.25586547192948478 0.23486711522217082 0.22515360265229609 0.24201428628695582 0.24544328715563168 0.24420751993084436 0.26260345165163668 0.23470423085194664 0.25239617313194801 0.23712875187923177 0.23355855081878354 0.24206033170302838 0.25409146546942901
leaf_weight=225.71240383386612 39.91856923699379 183.82254722714424 28.583666861057281 62.341963067650795 38.440103709697723 92.157684534788132 216.59519974887371 128.62650087475777 32.279830679297447 25.626735806465149 15.277477115392683 128.13367903232574 15.277477115392683 54.703224509954453
leaf_count=916 162 746 116 253 156 374 879 522 131 104 62 520 62 222
internal_value=0.241419 0.250303 0.22851 0.234593 0.2324 0.244245 0.245223 0.258183 0.242879 0.241895 0.246916 0.230478 0.254863 0.248996
internal_weight=1287.5 763.381 524.116 298.404 228.916 435.655 395.736 327.727 248.875 69.4879 40.9042 190.476 199.1 146.861
internal_count=5225 3098 2127 1211 929 1768 1606 1330 1010 282 166 773 808 596
is_linear=0
shrinkage=1


Tree=1
num_leaves=15
num_cat=0
split_feature=12 3 12 5 12 12 7 10 10 15 11 4 11 0
split_gain=394.442 76.3104 67.633 14.8702 14.3511 11.5807 11.4156 10.4292 8.95947 9.7413 8.40382 7.32169 6.86692 9.33636
threshold=-0.55737704918032838 -6.3140681003584218 4.6490609253321127 0.46211251435132039 -2.0260064412238323 10.634162414331614 112.62756849315069 0.64051282051282066 0.41801075268817212 110.05882857445 0.48683298683298687 0.38750000000000007 0.45080645161290328 0.54870335230866552
decision_type=2 2 2 2 2 2 2 2 2 2 2 2 2 2
left_child=1 3 8 -1 7 11 -6 -3 -2 -10 -8 -4 13 -11
right_child=2 4 5 -5 6 -7 10 -9 9 12 -12 -13 -14 -15
leaf_value=-0.011949235050355708 -0.0040960432745013242 -0.010872547630377547 0.0014874795955401657 -0.026200351428893862 0.0045216772693861427 0.023358129174685764 -0.0001898717316014039 -0.0021765521515478272 0.0098582012409559102 -0.00075101586301241311 -0.017764072782247776 0.015037164402194346 -0.0011548147297966345 0.011708114719489385
leaf_weight=55.061710476875305 41.156561717391014 245.70019893348217 18.448324486613274 126.44685418903828 66.772112771868706 92.889352530241013 23.399280771613121 74.468070209026337 118.21495194733143 41.628096967935562 15.52860116958618 215.94211666285992 97.554671823978424 50.211579814553261
leaf_count=223 167 996 75 512 271 378 95 302 480 169 63 878 396 204
internal_value=4.37985e-05 -0.0116038 0.0105167 -0.0223134 -0.00683329 0.0169849 -0.000411323 -0.00891451 0.00429265 0.00546257 -0.00842435 0.014024 0.00253595 0.00631358
internal_weight=1283.42 607.377 676.046 181.509 425.868 327.28 105.7 320.168 348.766 307.609 38.9279 234.39 189.394 91.8397
internal_count=5209 2462 2747 735 1727 1331 429 1298 1416 1249 158 953 769 373
is_linear=0
shrinkage=0.02


Tree=2
num_leaves=15
num_cat=0
split_feature=12 12 0 10 12 11 0 18 6 0 11 18 14 8
split_gain=346.292 78.3059 45.8362 12.5093 10.8483 9.95634 14.8259 13.2788 12.0029 8.11217 7.45679 7.02322 6.54508 6.17731
threshold=-1.7203174603174602 4.6490609253321127 0.44033898305084751 0.81365740740740755 -6.5339826839826829 0.43875000000000003 0.53597308488612849 12.7011038093358 115.44733194733196 0.43792808219178087 0.45584415584415588 14.242294046186744 108.60660173160174 2.2730303030303038
decision_type=2 2 2 2 2 2 2 2 2 2 2 2 2 2
left_child=2 3 4 5 12 6 -2 13 -9 -3 -4 -12 -1 -7
right_child=1 9 10 -5 -6 7 -8 8 -10 -11 11 -13 -14 -15
leaf_value=-0.0078290097934370327 0.0013488522467384597 0.0041626390895530118 0.0031562590485417191 0.012651253568040524 -0.011155298325183322 -0.013386489186018558 0.01245363497477011 0.0051599283160582189 -0.010110841843779651 0.017014404605589652 -0.0082381827672049213 0.0022808503499824025 -0.021331899614348206 0.0002437506983869476
leaf_weight=24.0065006762743 156.39852721989155 25.053500428795815 36.000750809907913 45.529392138123512 112.18896722793579 36.950026571750641 65.390953332185745 101.21606381237507 20.702619537711143 303.95958451926708 143.41540674865246 28.360012769699097 176.4270076751709 19.216039672493935
leaf_count=97 635 102 146 185 454 150 266 411 84 1239 581 115 713 78
internal_value=0.000327935 0.00878604 -0.0122226 0.00325512 -0.0170156 0.00204226 0.00482529 -0.0014609 0.00227068 0.0161127 -0.00478049 -0.00648611 -0.0199445 -0.00908446
internal_weight=1294.82 774.417 520.399 445.404 312.622 399.874 221.789 178.085 121.919 329.013 207.776 171.775 200.434 56.1661
internal_count=5256 3150 2106 1809 1264 1624 901 723 495 1341 842 696 810 228
is_linear=0
shrinkage=0.02


Tree=3
num_leaves=15
num_cat=0
split_feature=0 11 5 3 3 3 5 5 10 0 7 14 10 5
split_gain=236.997 81.2 64.9719 32.5529 27.0267 17.7791 16.2605 15.8823 10.1556 12.865 9.59265 9.10422 8.94117 8.51058
threshold=0.45867486338797819 0.38013136288998362 0.46402691511387167 0.56173780487804892 -6.3140681003584218 -6.1314285714285708 0.52027397260273978 0.32483766233766237 0.63060428849902539 0.58280590717299596 108.90603948896633 114.01315789473686 0.68237250554323736 0.6039701257861636
decision_type=2 2 2 2 2 2 2 2 2 2 2 2 2 2
left_child=2 7 5 -3 -4 -1 -5 -2 9 -8 -6 -10 -9 -13
right_child=1 3 4 6 10 -7 8 12 11 -11 -12 13 -14 -15
leaf_value=-0.0089294986316170201 0.020408692749523397 -0.0062310399475173387 -0.023819166485731007 0.011132910423470081 -0.016517398492982897 0.0033526136577915712 0.0017152772900147864 0.005722166158498283 0.01006389057907334 -0.015253222246823192 -0.0066305103249985134 -0.0067952934178473617 0.014854636023836061 0.004443407104025166
leaf_weight=74.689812794327736 117.43439935147762 147.49729132652283 125.77288982272148 106.96778869628906 74.202294915914536 110.98926644027233 48.842047855257988 95.538518235087395 65.667583525180817 22.425400912761688 101.57804949581623 34.673384964466095 91.657791957259178 79.340379297733307
leaf_count=302 480 598 507 436 300 451 198 389 267 91 411 141 374 322
internal_value=-0.000119767 0.00649846 -0.0110771 0.00154129 -0.0167337 -0.00169249 0.00478598 0.0145652 0.00191595 -0.00427406 -0.0111455 0.00442036 0.0104639 0.000883649
internal_weight=1297.28 810.045 487.232 505.414 301.553 185.679 357.917 304.631 250.949 71.2674 175.78 179.681 187.196 114.014
internal_count=5267 3296 1971 2053 1218 753 1455 1243 1019 289 711 730 763 463
is_linear=0
shrinkage=0.02


Tree=4
num_leaves=15
num_cat=0
split_feature=12 12 0 10 11 16 15 3 16 11 16 15 5 7
split_gain=350.053 73.3583 37.3321 11.2309 11.4715 9.92055 9.72523 9.68996 9.25565 9.02898 10.7695 10.2854 6.93188 6.41331
threshold=-1.6792497625830958 4.6490609253321127 0.38266583229036299 0.76095238095238105 0.41277890466531447 105.99921002211366 105.62094309046306 1.0647273936170214 115.29846345979145 0.46547619047619054 108.41036601419677 108.60860814722342 0.44756480754124123 114.86947648624668
decision_type=2 2 2 2 2 2 2 2 2 2 2 2 2 2
left_child=2 3 5 8 -5 -1 -3 9 13 11 -11 -4 -7 -2
right_child=1 6 7 4 -6 12 -8 -9 -10 10 -12 -13 -14 -15
leaf_value=-0.0063831719747122571 0.0041135820743520551 0.0020706462299788166 -0.010578295884163409 0.020903691480521357 0.0043417349062982811 -0.0097768763430653455 0.016663128052902577 -0.0010106801292786116 -0.01066386008529705 0.00078067616999627585 -0.013701513647913324 0.0052107913592981956 -0.021518095546438062 -0.0019742585686264641
leaf_weight=31.741746798157692 257.11137871444225 21.035615310072899 25.920840203762054 21.556099936366081 55.324994876980782 36.920936301350594 305.14313897490501 74.033730745315552 17.761355370283127 23.243327036499977 142.99711053073406 30.837159126996994 172.10328388214111 90.623762056231499
leaf_count=128 1045 86 105 88 225 149 1249 300 72 94 578 125 693 368
internal_value=3.30536e-06 0.00864269 -0.0123089 0.00327183 0.00997832 -0.0181283 0.0157675 -0.00736995 0.00174551 -0.00941272 -0.011713 -0.00227258 -0.019721 0.00252153
internal_weight=1306.35 768.556 537.798 442.378 76.8811 240.766 326.179 297.032 365.496 222.998 166.24 56.758 209.024 347.735
internal_count=5305 3133 2172 1798 313 970 1335 1202 1485 902 672 230 842 1413
is_linear=0
shrinkage=0.02


Tree=5
num_leaves=15
num_cat=0
split_feature=12 12 3 4 6 4 3 11 18 14 5 16 17 18
split_gain=299.197 86.2119 40.7774 10.8294 10.4484 11.1753 10.2348 8.46291 13.7371 9.61004 7.95144 7.62197 6.9543 6.9272
threshold=-2.0260064412238323 3.5423530673530679 -6.3140681003584218 0.38750000000000007 113.08179993308799 0.29285714285714287 1.2980072463768118 0.46770833333333339 14.242294046186744 111.08957219251339 0.46211251435132039 112.04167747164526 12.736775765148701 14.599611253958892
decision_type=2 2 2 2 2 2 2 2 2 2 2 2 2 2
left_child=2 4 10 -3 5 -2 7 9 -9 -4 -1 -11 -7 -6
right_child=1 3 6 -5 13 12 -8 8 -10 11 -12 -13 -14 -15
leaf_value=-0.010701581728923888 -0.009679647080648595 0.002458748118012207 -0.014581925491734551 0.015092747768689645 -0.0043392243751792722 -0.00067075922104481412 -0.00032181609200790856 -0.013865510551693414 0.00012592182973923042 0.0066872349659091715 -0.022458961301034922 -0.007138310662574701 0.0072544124029860378 0.0074264921391435316
leaf_weight=45.6427131742239 18.253734603524208 31.616654247045517 16.590596482157707 364.20087748765945 146.50499080121517 60.744904145598412 61.704936221241951 161.36917981505394 33.658607557415962 33.623047932982445 129.17806157469749 22.247805953025818 150.94905498623848 18.440783873200417
leaf_count=184 74 129 67 1493 595 247 250 651 136 136 519 90 614 75
internal_value=-6.83348e-05 0.00759206 -0.0120427 0.0141268 0.000947253 0.00366946 -0.00770345 -0.0093691 -0.011508 -0.00324102 -0.0197722 0.00104776 0.00501731 -0.00284403
internal_weight=1294.73 790.711 504.015 395.818 394.893 229.948 329.194 267.489 195.028 72.4615 174.821 55.8709 211.694 164.946
internal_count=5260 3227 2033 1622 1605 935 1330 1080 787 293 703 226 861 670
is_linear=0
shrinkage=0.02


Tree=6
num_leaves=15
num_cat=0
split_feature=12 12 3 5 3 3 12 7 7 17 18 16 7 12
split_gain=311.807 67.0492 33.3389 13.5189 10.1648 9.33614 8.1226 10.9311 7.35575 7.03369 6.15291 5.78756 11.0868 6.93106
threshold=-1.5779160382101554 5.046526711848931 -6.3140681003584218 0.42340286831812263 -6.3140681003584218 1.2980072463768118 9.4409214884083408 110.77871939736347 110.77871939736347 14.655611597853833 14.242294046186744 108.12553476071743 108.00731707317074 3.5423530673530679
decision_type=2 2 2 2 2 2 2 2 2 2 2 2 2 2
left_child=2 4 3 -1 -2 8 -3 -8 10 -10 -4 -6 -13 -14
right_child=1 6 5 -5 11 -7 7 -9 9 -11 -12 12 13 -15
leaf_value=-0.0062814119976319265 -0.008309365826420681 0.012158435948352813 -0.013841214611885047 -0.021402610727518014 0.007594789778982888 -0.0010663058485421957 0.0044437636106996947 0.022330399077831135 -0.0071785572504903953 0.0056475878634075286 -0.0036896115553989952 -0.0067824775552595739 0.002401764657604367 0.010643205579165494
leaf_weight=34.498168975114822 23.451016515493393 180.22078374028206 140.59606795012951 140.75484055280685 129.34041894972324 66.878731787204742 18.926958203315735 102.83932740986347 99.82128344476223 16.57163642346859 33.916924819350243 39.547136574983597 218.21899853646755 46.717733442783356
leaf_count=139 95 740 567 565 527 271 78 424 403 67 137 161 887 191
internal_value=7.78383e-05 0.00828867 -0.0115861 -0.0186828 0.00339257 -0.00790027 0.0155264 0.0198351 -0.00942682 -0.00519501 -0.012026 0.0041126 0.00253461 0.00402525
internal_weight=1292.3 759.262 533.038 175.253 457.275 357.785 301.987 121.766 290.906 116.393 174.513 433.824 304.484 264.937
internal_count=5252 3103 2149 704 1861 1445 1242 502 1174 470 704 1766 1239 1078
is_linear=0
shrinkage=0.02


Tree=7
num_leaves=15
num_cat=0
split_feature=12 12 3 0 3 9 8 14 10 3 0 6 14 10
split_gain=319.324 72.6203 34.0326 10.7621 9.29095 10.8553 8.81568 8.55546 7.81075 8.03719 7.32322 6.61386 9.0305 6.26214
threshold=-1.5779160382101554 4.6490609253321127 -6.3140681003584218 0.5187529301453353 1.2980072463768118 0.41428571428571431 -1.2057692307692305 113.76556776556778 0.54415584415584417 6.3402409146590459 0.43792808219178087 112.16807909604522 116.44590643274854 0.65571120689655182
decision_type=2 2 2 2 2 2 2 2 2 2 2 2 2 2
left_child=2 3 6 7 5 -4 -1 -2 -5 -10 -3 -6 -13 -7
right_child=1 10 4 8 11 13 -8 -9 9 -11 -12 12 -14 -15
leaf_value=-0.0098239246642712851 0.0022419642429462282 0.003935744631639912 -0.00058887393407407098 -0.0050339845452261733 0.0085872536456806023 -0.012659083889431828 -0.021833728524599458 -0.0062197459831209254 0.0078524484471031407 -0.003771716719217891 0.015770986212054638 -0.013423145436835343 0.0020491046745968965 -0.0029351900564539052
leaf_weight=45.24478243291378 121.75664772093296 26.618943199515343 44.08657942712307 22.61121928691864 14.794441506266592 214.8537969738245 132.4398745149374 71.893934085965157 191.36880658566952 24.068312391638756 309.09379300475121 21.722145318984985 32.100176528096199 34.162943154573441
leaf_count=182 495 109 178 92 60 866 531 292 780 98 1275 88 130 138
internal_value=-0.000272022 0.00799739 -0.0120023 0.00251722 -0.00828888 -0.00981876 -0.0191282 -0.000976976 0.00532134 0.00649772 0.0149041 -0.00153081 -0.00480554 -0.0114091
internal_weight=1306.82 767.412 539.405 431.699 361.72 293.103 177.685 193.651 238.048 215.437 335.713 68.6168 53.8223 249.017
internal_count=5314 3141 2173 1757 1460 1182 713 787 970 878 1384 278 218 1004
is_linear=0
shrinkage=0.02


Tree=8
num_leaves=15
num_cat=0
split_feature=12 12 3 3 10 8 11 16 13 7 11 12 3 3
split_gain=291.332 69.234 45.705 14.6548 12.7959 12.1402 11.0529 14.975 10.1846 9.09951 8.67656 8.17871 7.9643 6.9912
threshold=-1.5779160382101554 3.5423530673530679 -6.3140681003584218 -1.6018867924528302 0.62678571428571439 -2.0371237458193976 0.46770833333333339 108.35319010133115 110.25735294117648 114.3456005352961 0.29679679679679688 10.634162414331614 1.1154901960784316 -1.7813417190775678
decision_type=2 2 2 2 2 2 2 2 2 2 2 2 2 2
left_child=2 8 5 -3 6 -1 13 -8 9 -2 -10 -5 -9 -4
right_child=1 3 4 11 -6 -7 7 12 10 -11 -12 -13 -14 -15
leaf_value=-0.0070164091051755206 0.0082052425660754501 0.00016011899390350147 -0.0071568674918868463 0.012502678277906633 -0.00084790352286893348 -0.021815449052823052 0.0031303463659722083 -0.015321169679768678 0.0079476204653832015 -0.0022945105154586485 -0.0030205948595385798 0.020368090229384128 -0.0012600532478596158 0.0044708811894012398
leaf_weight=33.068050995469093 112.40709689259529 30.04910634458065 47.87073926627636 268.43853569030762 98.633763194084167 149.26634968817234 21.829294949769974 149.64076432585716 29.217662379145622 43.360818043351173 181.95508825778961 89.370649546384811 19.038959816098213 29.668887734413147
leaf_count=133 458 123 193 1106 399 598 88 602 119 176 740 371 77 120
internal_value=-0.000269889 0.00777324 -0.0112981 0.0136092 -0.00706744 -0.0193904 -0.0092986 -0.0118439 0.0015046 0.00530199 -0.00135432 0.0147209 -0.0138161 -0.00270644
internal_weight=1303.82 754.799 549.017 387.858 366.682 182.334 268.049 190.509 366.941 155.768 211.173 357.809 168.68 77.5396
internal_count=5303 3093 2210 1600 1479 731 1080 767 1493 634 859 1477 679 313
is_linear=0
shrinkage=0.02


Tree=9
num_leaves=15
num_cat=0
split_feature=12 12 0 3 11 13 12 16 13 0 12 12 10 3
split_gain=287.864 62.4961 35.6091 9.98748 10.4039 10.2478 8.92064 7.94369 7.53902 12.4009 6.91081 6.62291 6.57506 6.98362
threshold=-1.5779160382101554 4.6490609253321127 0.38266583229036299 1.0647273936170214 0.46547619047619054 109.18019480519483 -7.1634567901234556 108.41036601419677 111.62033462033465 0.42761904761904768 1.3427782532901971 11.844129554655872 0.71611721611721624 -0.94058823529411761
decision_type=2 2 2 2 2 2 2 2 2 2 2 2 2 2
left_child=2 8 6 4 5 -4 -1 -6 9 -2 12 -3 13 -10
right_child=1 11 3 -5 7 -7 -8 -9 10 -11 -12 -13 -14 -15
leaf_value=-0.019842029137053737 -0.0031081947796428094 0.012518846426734958 -0.010807721490878105 8.5794834174523983e-05 0.00053791891030874404 0.0053020589311703007 -0.01048670289157869 -0.012583646113453001 0.0035878175412177317 0.0078421021124458184 0.0037417470621865035 0.02075855062594955 0.0066635421230708362 -0.0085309097030805119
leaf_weight=162.04572658240795 51.21261166036129 248.67975498735905 20.805919915437698 70.127369284629822 20.569774031639099 35.835797265172005 81.369004637002945 145.93809390068054 22.403936430811882 169.35894556343555 98.572478964924812 64.052383273839951 17.194448098540306 69.192490786314011
leaf_count=649 208 1029 84 284 83 145 327 587 91 691 402 267 70 281
internal_value=-0.000280062 0.00778183 -0.0113751 -0.00650919 -0.0085382 -0.00101213 -0.0169887 -0.0109942 0.00275664 0.00528711 3.89212e-06 0.0145066 -0.00339848 -0.00553446
internal_weight=1277.36 740.667 536.692 293.277 223.15 56.6417 243.415 166.508 427.935 220.572 207.363 312.732 108.791 91.5964
internal_count=5198 3039 2159 1183 899 229 976 670 1743 899 844 1296 442 372
is_linear=0
shrinkage=0.02


Tree=10
num_leaves=15
num_cat=0
split_feature=12 12 0 10 6 5 12 0 12 17 16 6 4 6
split_gain=266.196 52.4697 31.123 11.288 11.2312 9.92911 8.54144 7.20335 7.03602 6.16165 6.12169 10.3713 6.61608 5.38864
threshold=-1.6792497625830958 4.6490609253321127 0.37590579710144933 0.63060428849902539 117.70569800569803 0.46211251435132039 11.844129554655872 0.43792808219178087 -9.3864219114219107 12.18516817477907 108.41036601419677 109.64852941176473 0.58571428571428574 111.69246031746033
decision_type=2 2 2 2 2 2 2 2 2 2 2 2 2 2
left_child=2 3 5 13 9 -1 7 -3 -4 -5 11 -10 -12 -2
right_child=1 6 8 4 -6 -7 -8 -9 10 -11 12 -13 -14 -15
leaf_value=-0.0084803420288004899 0.0023842553115747235 0.00025452738835508013 -0.015814795029953282 -0.0026418902185920061 -0.0069819494044725643 -0.019178629625392102 0.019706939330177056 0.01206267739480275 -0.00725930391219517 0.0089041182831037288 -0.0095182422760817804 0.01162231839102815 -0.0025208070521474174 -0.0035057250554909052
leaf_weight=58.014196380972862 124.56410628557205 22.875703796744347 28.113504871726036 18.650670945644379 19.911794632673264 175.57862643897533 67.372424364089966 232.21861563622952 20.083720996975899 155.35897962749004 140.75428241491318 16.832978054881096 93.355758860707283 114.48428963124752
leaf_count=233 507 94 113 76 81 703 282 964 81 635 567 68 377 465
internal_value=-0.000547969 0.00707002 -0.0113159 0.00246929 0.0059895 -0.016755 0.0131153 0.011029 -0.0068629 0.00762737 -0.00566467 0.00170957 -0.00683895 -0.000450588
internal_weight=1288.17 755.437 532.733 432.97 193.921 233.593 322.467 255.094 299.14 174.01 271.027 36.9167 234.11 239.048
internal_count=5246 3104 2142 1764 792 936 1340 1058 1206 711 1093 149 944 972
is_linear=0
shrinkage=0.02


Tree=11
num_leaves=15
num_cat=0
split_feature=12 12 3 11 3 5 16 6 11 8 17 9 14 4
split_gain=263.635 55.0437 35.441 14.229 12.3447 10.4432 9.42051 8.08461 7.6475 9.38757 7.10653 10.2475 9.40547 6.71257
threshold=-1.2763347763347761 4.6490609253321127 -4.5795454545454541 0.45584415584415588 1.0647273936170214 0.44756480754124123 108.68650579468498 111.88416815742399 0.39736842105263165 -5.1937499999999988 13.393389886566702 0.73214285714285732 112.5633012820513 0.38750000000000007
decision_type=2 2 2 2 2 2 2 2 2 2 2 2 2 2
left_child=2 8 5 7 6 -1 -5 -4 9 -2 11 -10 -12 -3
right_child=1 13 3 4 -6 -7 -8 -9 10 -11 12 -13 -14 -15
leaf_value=-0.0072058658569269345 -0.0024071324988304173 0.0028374194760268537 -0.005374415152604858 -0.00025330077024143013 -0.00072079621172030947 -0.018296319954212159 -0.012281960188528944 0.0072857486664834811 -0.0038396700348393227 0.0089657512164146372 0.011186943519797763 0.010968253040821765 -0.00057912038209881897 0.015358299119731893
leaf_weight=53.532672613859177 34.257321074604988 20.867221340537071 29.941607862710953 31.246457874774933 74.348180845379829 172.11810223758221 158.09173503518105 43.48366291821003 123.83842839300632 135.95367234945297 46.780286237597466 16.957627341151237 56.210259571671486 294.02680334448814
leaf_count=215 139 86 121 126 301 689 635 176 504 556 191 69 229 1226
internal_value=0.000430918 0.00834613 -0.0098041 -0.00556547 -0.00770214 -0.0158785 -0.0103545 0.00210964 0.00348263 0.00667343 0.00116548 -0.0017412 0.00503577 0.0145859
internal_weight=1291.65 728.892 562.762 337.112 263.686 225.651 189.338 73.4253 413.998 170.211 243.787 140.796 102.991 314.894
internal_count=5263 3000 2263 1359 1062 904 761 297 1688 695 993 573 420 1312
is_linear=0
shrinkage=0.02


Tree=12
num_leaves=15
num_cat=0
split_feature=12 12 3 11 8 17 18 7 7 11 18 9 18 4
split_gain=240.155 63.2504 36.1377 12.3269 8.68881 8.4347 8.03944 7.6851 11.7241 8.24497 7.50286 7.4104 6.91093 6.46574
threshold=-1.7203174603174602 5.3596479500891272 -6.1314285714285708 0.32916666666666672 -1.7980392156862741 13.126468823994552 12.567121877085773 114.3456005352961 119.17063492063494 0.39736842105263165 12.719152008968102 0.61250000000000016 14.242294046186744 0.64583333333333337
decision_type=2 2 2 2 2 2 2 2 2 2 2 2 2 2
left_child=2 7 4 -4 -1 12 -3 9 -9 -2 11 -11 -5 -7
right_child=1 6 3 5 -6 13 -8 8 -10 10 -12 -13 -14 -15
leaf_value=-0.0072472543531465171 0.0083810845399921469 0.0042420469124917707 0.0077309950893661248 -0.0052325739793818741 -0.019659423914350202 -0.011452732819454583 0.015734526711642424 -0.0040055625362512802 0.0094499182995569659 -0.009113349834616969 0.0041144156765852485 0.0045109202984885445 0.0064405532295409157 -0.00041492228632630286
leaf_weight=35.88943912088871 120.98604108393192 31.836284890770912 19.320593178272247 112.29658424854279 146.95703734457493 161.66511273384094 251.79891474545002 116.34257541596889 27.991265565156937 36.326970726251602 158.94499085843563 22.108384147286415 20.092652946710587 24.766954675316811
leaf_count=144 496 133 78 452 588 650 1053 474 114 148 649 90 81 100
internal_value=2.29882e-05 0.00712878 -0.0103975 -0.00636836 -0.0174809 -0.00732896 0.0145404 0.00266929 -0.00116705 0.00429889 0.00188953 -0.00400949 -0.00329103 -0.0100355
internal_weight=1287.32 766.335 520.988 338.142 182.846 318.821 283.635 482.7 144.334 338.366 217.38 58.4354 132.389 186.432
internal_count=5250 3157 2093 1361 732 1283 1186 1971 588 1383 887 238 533 750
is_linear=0
shrinkage=0.02


Tree=13
num_leaves=15
num_cat=0
split_feature=12 12 3 10 12 3 9 2 8 18 3 0 7 18
split_gain=238.644 44.7681 34.8196 12.0046 9.96161 9.43708 9.89256 9.22662 8.62725 8.46841 8.18334 7.72384 7.59896 7.12245
threshold=-1.2763347763347761 5.046526711848931 -6.3140681003584218 0.51787994891443179 9.2598011792129462 2.9321839080459773 0.41428571428571431 107.86285266457681 -1.7980392156862741 14.242294046186744 7.0178571428571432 0.43792808219178087 110.13423423423424 14.599611253958892
decision_type=2 2 2 2 2 2 2 2 2 2 2 2 2 2
left_child=2 3 8 7 11 6 -4 -2 -1 -8 13 -3 -6 -5
right_child=1 4 5 10 12 -7 9 -9 -10 -11 -12 -13 -14 -15
leaf_value=-0.0069918272532825208 0.0097102440476845749 -0.0015749450808979295 0.0013391095091585031 0.0050379823464105121 0.0043781542135180518 0.0033041017247270993 -0.0099538800593442639 -0.004416685750053103 -0.019028212993345332 -0.0010341804051470366 -0.0063378014324492393 0.011422473407889494 0.020044019088031103 0.014826603538508022
leaf_weight=37.881789520382881 17.648106634616852 19.397984385490417 46.863863125443459 266.33092837035656 17.623341113328934 36.029330730438232 243.72965295612812 98.607810825109482 143.44976706802845 52.867364972829819 18.10644593834877 153.62447679042816 105.62912870943546 30.972985818982124
leaf_count=152 72 80 189 1089 74 146 980 401 574 213 74 642 446 127
internal_value=0.000116666 0.00764884 -0.00964122 0.00347219 0.0135755 -0.00606167 -0.00707746 -0.00196019 -0.0167688 -0.00840748 0.00547384 0.00996199 0.018062 0.00628612
internal_weight=1288.76 727.941 560.822 431.666 296.275 379.49 343.461 116.256 181.332 296.597 315.41 173.022 123.252 297.304
internal_count=5259 3005 2254 1763 1242 1528 1382 473 726 1193 1290 722 520 1216
is_linear=0
shrinkage=0.02


Tree=14
num_leaves=15
num_cat=0
split_feature=12 12 0 0 8 11 10 18 3 3 11 1 7 5
split_gain=251.646 52.1146 32.0043 21.9549 13.3411 13.2848 9.81256 8.90864 7.37207 7.30626 9.29486 7.59397 6.07494 5.9818
threshold=-1.4140231259968101 3.5423530673530679 0.38516483516483524 0.3943381180223286 -5.5590277777777768 0.47722567287784684 0.4491379310344828 14.242294046186744 1.2980072463768118 -6.9591666666666656 0.36754385964912284 112.74813432835823 115.91340579710145 0.66115363586659381
decision_type=2 2 2 2 2 2 2 2 2 2 2 2 2 2
left_child=2 9 6 -3 -5 -4 -1 8 13 -2 11 -11 -12 -7
right_child=1 3 5 4 -6 7 -8 -9 -10 10 12 -13 -14 -15
leaf_value=-0.016275390460253052 -0.0081439393668530629 -0.0066962461734127836 0.002159685116341372 0.01898883009481634 0.010713029095191678 -0.0071229279547984897 -0.0032709292248236277 0.0016356784843528089 -0.0027012871941381449 0.013058105863519954 0.0026499397757295475 0.0020503911166175979 -0.0055645825213749365 -0.016281238263894292
leaf_weight=213.99576331675053 18.526642307639122 18.048974558711052 75.475610226392746 155.67961657047272 214.93741272389889 78.504725232720375 29.182765930891037 35.664082184433937 57.629952535033226 55.245127946138382 197.65764097869396 46.676654398441315 38.950354784727097 58.613893195986748
leaf_count=857 75 74 305 656 897 315 117 144 233 226 806 191 158 235
internal_value=0.00077786 0.00832063 -0.00944909 0.0133437 0.0143958 -0.00501588 -0.0148121 -0.0073623 -0.00900979 0.00274408 0.0034498 0.00834858 0.00121049 -0.0114729
internal_weight=1294.79 745.722 549.067 388.666 370.617 305.888 243.179 230.413 194.749 357.056 338.53 101.922 236.608 137.119
internal_count=5289 3083 2206 1627 1553 1232 974 927 783 1456 1381 417 964 550
is_linear=0
shrinkage=0.02


Tree=15
num_leaves=15
num_cat=0
split_feature=12 3 12 12 13 18 7 17 12 13 12 2 14 3
split_gain=237.096 64.291 20.9021 17.04 8.63897 9.24116 8.97162 7.72509 6.88097 7.72572 6.77686 6.57874 6.56259 5.80154
threshold=1.8054315476190477 -6.3140681003584218 9.4409214884083408 -1.5779160382101554 112.66190476190478 13.673387682772217 112.50102040816328 16.146673667477987 4.5605107678841703 107.34166666666668 -7.1634567901234556 108.56458333333335 109.50714285714288 1.2980072463768118
decision_type=2 2 2 2 2 2 2 2 2 2 2 2 2 2
left_child=1 7 8 13 6 -6 12 10 -2 -10 -1 -11 -5 -3
right_child=2 3 -4 4 5 -7 -8 -9 9 11 -12 -13 -14 -15
leaf_value=-0.020391169659537866 0.005205336806970229 -0.0071875036969205591 0.018214505651375789 0.00088690802326785406 -0.0081330641174847517 0.0040650406795319834 -0.0023936743920604923 -0.0029162047501671584 0.0020338883867895741 0.018344205559886997 -0.010497406179697018 0.0092356698694184818 0.011752762213555354 -0.00068283091232226466
leaf_weight=121.11751928925514 170.32630310952663 290.32276396453381 118.64835168421268 37.175930291414261 61.266935482621193 35.846364125609398 54.581310838460922 18.214219078421593 35.64503438770771 55.766174837946892 60.009877115488052 120.53027759492397 53.749910652637482 68.730024799704552
leaf_count=485 698 1166 505 152 249 146 222 73 149 234 241 505 220 278
internal_value=0.000182957 -0.00655378 0.010914 -0.00323177 0.000857565 -0.00365193 0.0038886 -0.0162562 0.00844213 0.0108634 -0.0174833 0.0125433 0.00758794 -0.00596886
internal_weight=1301.93 801.015 500.916 601.673 242.62 97.1133 145.507 199.342 382.268 211.941 181.127 176.296 90.9258 359.053
internal_count=5323 3232 2091 2433 989 395 594 799 1586 888 726 739 372 1444
is_linear=0
shrinkage=0.02


Tree=16
num_leaves=15
num_cat=0
split_feature=3 8 8 3 3 11 8 0 11 7 18 3 17 4
split_gain=146.805 47.0819 47.0174 23.9047 20.1504 18.3751 17.9259 14.4275 10.7716 10.6066 9.15506 7.85265 8.51538 7.36995
threshold=0.057468553459119477 -3.3492307692307688 -5.1937499999999988 -6.1314285714285708 -6.3140681003584218 0.5064102564102565 2.5843495934959355 0.60128205128205137 0.23904761904761906 109.89260651629074 12.209049327294673 2.9942857142857147 12.388027452652949 0.31666666666666671
decision_type=2 2 2 2 2 2 2 2 2 2 2 2 2 2
left_child=1 4 -2 -3 -1 8 7 10 -5 11 -4 12 -8 -6
right_child=2 3 6 5 13 -7 9 -9 -10 -11 -12 -13 -14 -15
leaf_value=-0.0078446689710816083 0.017907526536789384 -0.015961634918310669 -0.0063714137389221329 0.011338790725824012 0.00015337972732111925 -0.011649877364044775 0.0084036215404421719 0.010649595750534743 -0.0037940865721412926 -0.0059577330553907395 0.004743334091574832 0.0070578181203380897 -0.0074830027618189004 0.012025622994405089
leaf_weight=39.478781089186668 113.92941673099995 163.25412812829018 33.018765479326248 16.230384036898613 30.208656057715416 147.84207394719124 14.870016336441038 177.89587432146072 168.67810298502445 83.552101984620094 134.48023188114166 73.213659957051277 38.398166865110397 63.951707020401955
leaf_count=159 486 654 135 66 124 593 60 744 682 339 553 299 155 266
internal_value=-2.70035e-05 -0.00693107 0.00647067 -0.00974926 0.0035031 -0.00651017 0.0039859 0.00675562 -0.00220223 -0.000619997 0.00243113 0.00299851 -0.00270763 0.00841654
internal_weight=1299 629.644 669.358 496.005 133.639 332.751 555.429 345.395 184.908 210.034 167.499 126.482 53.2682 94.1604
internal_count=5315 2544 2771 1995 549 1341 2285 1432 748 853 688 514 215 390
is_linear=0
shrinkage=0.02


Tree=17
num_leaves=15
num_cat=0
split_feature=3 5 10 10 3 9 3 5 9 18 3 7 2 18
split_gain=152.116 81.5013 30.3397 20.3702 19.7777 11.0365 10.8314 9.06672 8.68497 7.42291 7.92579 7.29521 6.04332 6.2058
threshold=-2.8174242424242419 0.52027397260273978 0.69098143236074283 0.77346041055718484 -6.3140681003584218 0.41428571428571431 5.7718157181571828 0.44208407871198574 0.41428571428571431 13.673387682772217 1.0000000180025095e-35 110.77871939736347 113.26547619047621 12.913585257270894
decision_type=2 2 2 2 2 2 2 2 2 2 2 2 2 2
left_child=4 2 5 6 7 11 9 -1 -6 -3 -11 -2 13 -7
right_child=1 3 -4 -5 8 12 -8 -9 -10 10 -12 -13 -14 -15
leaf_value=-0.0084136754301274465 0.00055171002959760753 -0.0073240680476038692 0.016008655618035897 0.0058375055799158729 0.00095941255390249503 -0.0039328115147538537 0.0062396983262209714 -0.018571697642048079 -0.0093911592873056806 -0.0067467905220971172 0.0040128434794604335 0.010147332233851581 -0.005423451613834368 0.0076409148826112891
leaf_weight=64.733089163899422 39.575246557593346 229.10389396548271 180.0933974981308 96.821530073881149 52.637466624379158 24.161499351263046 31.397099539637566 135.68289107084274 76.030033439397812 44.260258436203003 56.79824186861515 167.10973662137985 38.511419281363487 49.976234883069992
leaf_count=260 164 925 762 398 214 99 129 544 305 178 231 697 157 206
internal_value=-6.11661e-05 0.00397387 0.00952276 -0.00210942 -0.011689 0.00567454 -0.00428811 -0.0155754 -0.00527928 -0.00536741 -0.000795429 0.00836643 0.000589889 0.00385887
internal_weight=1286.89 957.809 499.428 458.381 329.083 319.334 361.559 200.416 128.668 330.162 101.059 206.685 112.649 74.1377
internal_count=5269 3946 2085 1861 1323 1323 1463 804 519 1334 409 861 462 305
is_linear=0
shrinkage=0.02


Tree=18
num_leaves=15
num_cat=0
split_feature=12 12 3 3 11 18 14 2 17 9 13 0 14 18
split_gain=187.354 49.5311 25.1233 12.9995 9.9477 6.84151 6.83531 6.66801 7.16881 6.43461 6.21101 10.6939 7.91345 6.92039
threshold=-1.5779160382101554 4.6490609253321127 -6.3140681003584218 1.0647273936170214 0.46770833333333339 14.242294046186744 114.2029411764706 108.56458333333335 14.383017486179495 0.35416666666666669 111.62033462033465 0.42526595744680856 116.0138888888889 13.597098110044934
decision_type=2 2 2 2 2 2 2 2 2 2 2 2 2 2
left_child=2 10 9 4 6 -6 -4 -3 -9 -1 11 13 -13 -2
right_child=1 7 3 -5 5 -7 -8 8 -10 -11 -12 12 -14 -15
leaf_value=-0.0044798097850691004 -0.010695276228599544 0.016132872412988043 -0.0064259548816611566 0.001486475468156873 -0.011672384775434733 -0.0016338108103575652 0.0044417420419904409 0.010923900139144467 -0.0014861165081943687 -0.016635312996776265 -0.00025754414615545754 0.0090705542406694997 -0.0012020351577766879 0.0028167068846328535
leaf_weight=24.719413429498672 21.672005668282509 135.19034191966057 48.468724608421326 76.654470175504684 167.82266294956207 34.342599019408226 36.225871354341507 154.05343793332577 19.825452238321304 148.5701417773962 214.78267374634743 133.35178123414516 36.919877424836159 31.495784640312195
leaf_count=99 88 576 195 310 672 138 146 654 84 596 877 548 151 128
internal_value=9.25299e-05 0.0065503 -0.00887489 -0.00575453 -0.00768178 -0.0100477 -0.0017891 0.0126159 0.00950694 -0.0150756 0.00217829 0.00447415 0.00687241 -0.0031369
internal_weight=1284.1 747.291 536.804 363.514 286.86 202.165 84.6946 309.069 173.879 173.29 438.222 223.439 170.272 53.1678
internal_count=5262 3106 2156 1461 1151 810 341 1314 738 695 1792 915 699 216
is_linear=0
shrinkage=0.02


Tree=19
num_leaves=15
num_cat=0
split_feature=12 12 0 10 0 2 11 0 15 15 13 6 0 10
split_gain=200.634 44.0383 29.7062 9.86084 8.81225 6.9813 6.92034 8.75296 7.05622 7.59226 6.7778 6.39768 6.0427 7.00475
threshold=-1.5779160382101554 4.6490609253321127 0.37590579710144933 0.77346041055718484 0.42761904761904768 105.50531914893618 0.52859477124183019 0.41728855721393038 109.76251216449168 111.92549623568372 110.25735294117648 113.26355820105822 0.65806129247168565 0.77346041055718484
decision_type=2 2 2 2 2 2 2 2 2 2 2 2 2 2
left_child=2 3 -1 5 -3 -2 7 -7 -8 -10 11 -9 13 -4
right_child=1 4 12 -5 -6 6 8 10 9 -11 -12 -13 -14 -15
leaf_value=-0.014653347478464522 0.0095796669197831148 0.00011646596259042576 -0.0065359822362855936 0.009027666045673035 0.013220866410358001 -0.0047913655079997852 0.0054358329269062859 0.01192228079439285 -0.017619672459438646 -0.0022276707855212294 0.0009412377065791958 -0.0013572976559388752 0.0057787676667430546 0.005257763853701922
leaf_weight=229.35623854398727 30.153348177671432 22.135971829295158 272.7624189555645 71.589602559804916 293.87446695566177 60.089735105633736 14.968054249882696 50.240904703736305 17.932856872677803 32.976906210184097 136.30686222016811 18.396497085690498 15.545255824923514 18.073035106062889
leaf_count=920 124 92 1096 295 1256 244 61 207 73 134 557 75 63 73
internal_value=3.18423e-05 0.00670135 -0.00926424 0.00250433 0.012319 0.00110529 0.000201987 0.00165896 -0.00536312 -0.00874032 0.00361927 0.00851254 -0.00505944 -0.00572662
internal_weight=1284.4 748.665 535.737 432.655 316.01 361.065 330.912 265.034 65.8778 50.9098 204.944 68.6374 306.381 290.835
internal_count=5270 3118 2152 1770 1348 1475 1351 1083 268 207 839 282 1232 1169
is_linear=0
shrinkage=0.02


Tree=20
num_leaves=15
num_cat=0
split_feature=12 12 3 0 18 0 9 3 7 18 7 7 7 14
split_gain=191.443 48.8408 28.053 12.9503 9.55586 7.11334 6.94988 10.7377 6.40621 9.53394 9.78868 6.3795 7.31353 6.21789
threshold=-1.5779160382101554 3.5423530673530679 -6.1314285714285708 0.3943381180223286 14.242294046186744 0.42761904761904768 0.41428571428571431 0.56173780487804892 114.05064102564104 14.422839619137894 119.35098522167489 112.33262411347521 115.00357142857145 115.73508771929826
decision_type=2 2 2 2 2 2 2 2 2 2 2 2 2 2
left_child=2 8 -1 -3 6 -6 -4 11 -2 10 13 -8 -13 -10
right_child=1 3 4 -5 5 -7 7 -9 9 -11 -12 12 -14 -15
leaf_value=-0.015814826349321593 0.0027270939404420765 -0.0043705763035481529 0.00067970239103793534 0.012008423574830809 -0.0069309799326226383 0.0056383853945857921 -0.013265998457927784 -0.0021721041128655266 -0.0011779048679095899 0.0070472070744802993 0.0070903937430374445 0.0025458541759097318 -0.013059263850467136 -0.012681194569796285
leaf_weight=182.77332946658134 249.08639186620712 17.992357403039932 34.799764946103096 352.21304930746555 24.698982492089272 40.864132642745972 142.54792489111423 75.108183279633522 30.763085886836052 25.999929174780846 15.785040393471716 26.934609696269035 14.964562729001043 48.26339066028595
leaf_count=734 1020 74 140 1501 99 165 571 303 125 106 64 108 60 196
internal_value=-0.000520524 0.00608005 -0.00949547 0.0111648 -0.00611366 0.000747651 -0.00762888 -0.00873464 0.000910076 -0.00279571 -0.00571272 -0.0112791 -0.00382569 -0.0085398
internal_weight=1282.79 740.103 542.691 370.205 359.918 65.5631 294.355 259.555 369.898 120.811 94.8115 184.447 41.8992 79.0265
internal_count=5266 3086 2180 1575 1446 264 1182 1042 1511 491 385 739 168 321
is_linear=0
shrinkage=0.02


Tree=21
num_leaves=15
num_cat=0
split_feature=12 12 0 7 12 14 13 7 14 14 15 8 12 5
split_gain=183.711 49.8727 26.2796 6.46343 6.27676 5.88295 5.68815 6.33502 5.6349 5.57677 5.45427 6.07645 5.23833 5.18267
threshold=-1.5779160382101554 4.6490609253321127 0.38266583229036299 114.3456005352961 3.1602469135802473 117.5620512820513 112.66190476190478 108.2763769889841 109.73380566801622 116.33908045977013 105.62094309046306 -7.570252910477719 -5.2361910960536013 0.4529775943396227
decision_type=2 2 2 2 2 2 2 2 2 2 2 2 2 2
left_child=2 3 12 6 5 -5 8 -8 -2 13 -3 -12 -1 -10
right_child=1 10 -4 4 -6 -7 7 -9 9 -11 11 -13 -14 -15
leaf_value=-0.015187260049140085 0.0015525239808729314 0.0017193154652729047 -0.0048429502089914374 -0.0084092661897618732 0.0056318510293748118 0.0010174418014889304 -0.0070784047885734079 0.0027965680915749227 0.0018798737448700359 -0.0014130166232012285 0.017545457731193627 0.010535378846925124 -0.0063369968469928666 0.013236802947504778
leaf_weight=198.11529564857483 83.085551589727402 19.804030880331993 302.22780245542526 53.243607327342033 30.14513573050499 46.781437605619431 31.05568540096283 88.044614166021347 23.257817536592484 17.558201596140862 93.685437098145485 198.65557557344437 42.700522348284721 65.036482602357864
leaf_count=796 341 84 1215 216 124 190 127 360 96 72 405 851 171 268
internal_value=-8.03578e-05 0.00631571 -0.00889515 0.00191982 -0.00176939 -0.00416188 0.00348216 4.02002e-05 0.00559488 0.00855466 0.0123594 0.0130391 -0.0137788 0.0105063
internal_weight=1293.4 750.354 543.044 438.209 130.17 100.025 308.038 119.1 188.938 105.853 312.145 292.341 240.816 88.2943
internal_count=5316 3134 2182 1794 530 406 1264 487 777 436 1340 1256 967 364
is_linear=0
shrinkage=0.02


Tree=22
num_leaves=15
num_cat=0
split_feature=12 3 12 12 3 7 0 16 7 17 6 16 7 8
split_gain=170.784 38.7561 15.8101 14.9635 9.63327 10.1898 9.22053 9.54064 7.5182 7.34943 6.96077 6.0094 10.9332 6.00321
threshold=1.8054315476190477 -6.3140681003584218 9.4409214884083408 -2.0260064412238323 0.56173780487804892 112.68221343873519 0.44033898305084751 109.23938691450148 115.08893280632414 13.161693204407284 102.94147727272728 108.31033012591568 106.00166666666668 -1.3074947589098531
decision_type=2 2 2 2 2 2 2 2 2 2 2 2 2 2
left_child=1 13 6 4 5 11 9 -8 -7 -2 -4 12 -3 -1
right_child=2 3 10 -5 -6 8 7 -9 -10 -11 -12 -13 -14 -15
leaf_value=-0.0074548294468200051 0.0079052666162675918 -0.011762022189617844 0.0032524749865081256 0.00026772602884935994 2.3709572298610699e-05 0.0070734718114779166 0.011307414636230704 0.004151732479331394 -0.0075659872444023219 -0.0064783172701569618 0.017582124242393124 -0.011434726237642877 0.0073564197937206859 -0.015920113478822027
leaf_weight=63.810130059719086 18.367913469672203 18.701020002365112 18.564446970820427 272.18115113675594 79.826255142688751 25.92437407374382 176.15361286699772 141.66123200953007 20.704154938459396 31.381242156028748 99.054050236940384 165.74072276055813 19.427329063415527 131.51552966237068
leaf_count=256 76 75 81 1110 322 104 746 592 83 129 433 664 78 530
internal_value=-9.691e-05 -0.00577615 0.00920566 -0.00321143 -0.00603945 -0.00793425 0.00699562 0.00823158 0.000469999 -0.000930784 0.0155452 -0.00982169 -0.0022972 -0.0134097
internal_weight=1283.01 797.831 485.182 602.505 330.324 250.498 367.564 317.815 46.6285 49.7492 117.618 203.869 38.1283 195.326
internal_count=5279 3222 2057 2436 1326 1004 1543 1338 187 205 514 817 153 786
is_linear=0
shrinkage=0.02


Tree=23
num_leaves=15
num_cat=0
split_feature=12 12 3 11 3 4 16 10 6 10 3 8 14 15
split_gain=178.42 40.3824 23.344 10.7022 9.37355 8.01536 7.10958 7.14224 6.49374 5.84009 6.88651 5.50628 5.09059 4.88623
threshold=-1.5779160382101554 4.6490609253321127 -6.3140681003584218 0.45584415584415588 1.2980072463768118 0.38750000000000007 108.63608826313325 0.65301003344481623 112.41742424242426 0.77346041055718484 6.0075757575757587 -1.3074947589098531 108.60660173160174 104.39960968309929
decision_type=2 2 2 2 2 2 2 2 2 2 2 2 2 2
left_child=2 9 11 8 6 -3 -5 -8 -4 -2 -11 13 -13 -1
right_child=1 5 3 4 -6 -7 7 -9 -10 10 -12 12 -14 -15
leaf_value=-0.012031573915872892 0.0014215276352104254 0.00037515618973747841 -0.0045296589199868556 -0.00053272870556121655 -0.00074909752765059227 0.012950275564985698 -0.012384697611088845 -0.00048080025968688607 0.0057481700678277394 0.010478559329431899 -0.0035438301275301093 -0.0044876983476835122 -0.018254807382803044 0.00066382296005539033
leaf_weight=27.71741347014904 354.01053236424923 22.137350797653198 45.552462637424469 31.380480885505676 65.577760219573975 282.8513151705265 158.87332683801651 23.46105994284153 42.920844823122025 57.735974937677383 15.32755011320114 16.128514751791954 110.74150744080544 18.474999070167542
leaf_count=111 1448 93 183 126 265 1224 636 94 173 239 63 65 447 74
internal_value=0.000140014 0.00655795 -0.00852777 -0.00555036 -0.00744112 0.0120583 -0.00943048 -0.0109067 0.000497166 0.00253588 0.00749832 -0.0145214 -0.0167412 -0.00738505
internal_weight=1272.89 732.063 540.828 367.766 279.293 304.989 213.715 182.334 88.4733 427.074 73.0635 173.062 126.87 46.1924
internal_count=5241 3067 2174 1477 1121 1317 856 730 356 1750 302 697 512 185
is_linear=0
shrinkage=0.02


Tree=24
num_leaves=15
num_cat=0
split_feature=3 3 11 8 7 2 0 6 10 18 11 16 3 15
split_gain=123.652 47.369 33.7096 29.5952 8.61942 8.83464 8.23725 7.95937 7.77897 7.56983 7.25103 7.20359 7.01446 6.8071
threshold=0.45566778900112237 -6.3140681003584218 0.36939571150097467 1.3585714285714288 109.73634558093349 115.44006147540985 0.65599385245901642 105.26928147659856 0.67928571428571438 13.049538906044555 0.4491379310344828 107.03385463293404 1.5416089758892342 114.81736653870672
decision_type=2 2 2 2 2 2 2 2 2 2 2 2 2 2
left_child=1 7 -3 8 5 11 -5 -1 9 12 -8 -4 -2 -11
right_child=3 2 4 6 -6 -7 10 -9 -10 13 -12 -13 -14 -15
leaf_value=-0.0011451607196528875 -0.0087129921752483255 0.004973680474444824 -0.0018934813010582333 -0.0014155076389599298 -0.0031472528500233227 0.0011736666051939814 0.016016069296467417 -0.015181540850076856 0.012908833146537475 0.011953017294998054 0.0026061183530235333 -0.014706403227742922 0.0051877899929001024 -0.001661158138292252
leaf_weight=18.639098986983299 17.14535365998745 160.99851408600807 23.677435785531998 162.05260856449604 178.97403419017792 22.939527362585068 17.433982089161873 180.21598248183727 199.58097951114178 81.468204259872437 67.135516002774239 87.245364367961884 37.209911659359932 16.339217647910118
leaf_count=75 71 667 96 658 722 92 73 727 861 346 277 350 156 70
internal_value=4.26122e-06 -0.00585877 -0.00236302 0.00658948 -0.00615763 -0.00992426 0.00123532 -0.0139262 0.0102736 0.00651638 0.00611032 -0.012171 0.000438442 0.00970852
internal_weight=1271.06 672.69 473.835 598.366 312.836 133.862 246.622 198.855 351.744 152.163 84.5695 110.923 54.3553 97.8074
internal_count=5241 2729 1927 2512 1260 538 1008 802 1504 643 350 446 227 416
is_linear=0
shrinkage=0.02


Tree=25
num_leaves=15
num_cat=0
split_feature=12 12 3 10 13 0 10 10 9 18 10 14 5 5
split_gain=173.589 39.6115 19.6008 7.43931 7.39283 8.72641 6.4751 6.33906 6.94572 6.41827 5.9123 5.77698 5.51621 4.77149
threshold=-1.4140231259968101 4.6490609253321127 -6.3140681003584218 0.68090909090909102 111.62033462033465 0.40946348733233989 0.7593103448275863 0.79238505747126442 0.35416666666666669 14.242294046186744 0.51564027370478993 104.34313725490198 0.46211251435132039 0.48181216931216936
decision_type=2 2 2 2 2 2 2 2 2 2 2 2 2 2
left_child=2 4 12 11 5 -2 -6 8 -4 13 -11 -3 -1 -10
right_child=1 3 7 -5 6 -7 -8 -9 9 10 -12 -13 -14 -15
leaf_value=-0.0071683178306990846 -0.0026173946089987068 -0.00085586684657998975 0.0057875754969124648 0.014895831487666879 -0.0018607996291637239 0.0071398909756695697 0.0068040461111900695 0.003768818094914618 0.0015387357901381715 -0.0060676470641713408 0.0057171793229431819 0.0098177233014609365 -0.01593287269293242 -0.0087507224721581796
leaf_weight=53.408065065741539 43.661553114652634 23.348009988665581 14.882307469844816 168.21474941074848 169.77168996632099 168.62991593778133 37.98344786465168 24.473970860242844 17.900649130344391 32.124727517366409 26.513928294181824 118.74681960046291 126.40641267597675 253.75262553989887
leaf_count=214 177 101 60 735 693 696 157 99 72 129 107 512 512 1018
internal_value=0.000225764 0.006596 -0.00822479 0.0119591 0.00253991 0.00511908 -0.00015395 -0.00546638 -0.00616565 -0.00678252 -0.000708515 0.00809444 -0.013594 -0.00805714
internal_weight=1279.82 730.356 549.463 310.31 420.047 212.291 207.755 369.648 345.174 330.292 58.6387 142.095 179.814 271.653
internal_count=5282 3071 2211 1348 1723 873 850 1485 1386 1326 236 613 726 1090
is_linear=0
shrinkage=0.02


Tree=26
num_leaves=15
num_cat=0
split_feature=12 12 3 5 12 13 2 2 10 13 10 7 13 13
split_gain=141.171 30.0633 22.0508 9.87674 8.19014 8.67708 9.31139 7.0974 7.08065 9.12886 8.15496 5.92751 5.26886 5.90735
threshold=-1.2763347763347761 4.2926762292433951 -6.3140681003584218 0.44374120956399438 11.844129554655872 107.47809523809526 112.58786764705884 113.43123272526259 0.70900537634408611 111.04880952380954 0.42678571428571432 112.17660738714092 107.47809523809526 105.0138888888889
decision_type=2 2 2 2 2 2 2 2 2 2 2 2 2 2
left_child=2 8 3 11 5 -3 -7 -8 9 10 -2 -1 13 -12
right_child=1 4 -4 -5 -6 6 7 -9 -10 -11 12 -13 -14 -15
leaf_value=-0.011810841124819553 -0.0039703463861728381 0.00057636600135257618 -0.0043666183746011028 -0.015679515036001398 0.017340638675397563 0.013294716379951096 -0.0069997296436242872 0.0072118256930582382 0.0067607240614984644 -0.002624964351199386 0.0086140221018048187 0.0017576858029495635 0.011057354344661763 -0.0047319727029241469
leaf_weight=17.719634965062141 31.052980288863182 42.887200430035591 392.3945639282465 129.46588833630085 62.484947621822357 145.17632468044758 14.13675147294998 53.513717100024223 104.34823104739189 147.87334491312504 20.195541650056839 27.209772944450378 55.621168985962868 23.35256265103817
leaf_count=71 126 184 1577 525 279 629 61 230 432 603 83 109 229 96
internal_value=0.000294785 0.0062786 -0.00709238 -0.0129328 0.0107749 0.00886869 0.0104881 0.00396472 0.00244687 0.000737388 0.00451138 -0.00424045 0.00723036 0.001707
internal_weight=1267.43 700.643 566.79 174.395 318.199 255.714 212.827 67.6505 382.444 278.096 130.222 44.9294 99.1693 43.5481
internal_count=5234 2952 2282 705 1383 1104 920 291 1569 1137 534 180 408 179
is_linear=0
shrinkage=0.02


Tree=27
num_leaves=15
num_cat=0
split_feature=12 12 10 10 15 17 3 18 7 4 5 16 2 11
split_gain=136.817 41.3172 16.008 11.4863 9.55807 11.5047 7.52453 7.34693 7.1506 6.36955 9.72107 6.30089 7.03466 6.17641
threshold=-1.6792497625830958 6.4262186028257462 0.44281045751633991 0.67694497153700206 105.47809915602492 13.854292427467611 1.2205669083717867 12.994242819501345 108.14373626373629 0.41428571428571431 0.57659713168187754 115.02948522436348 105.50531914893618 0.42462121212121218
decision_type=2 2 2 2 2 2 2 2 2 2 2 2 2 2
left_child=2 3 -1 7 -4 6 13 8 -2 -9 -11 12 -5 -6
right_child=1 -3 4 11 5 -7 -8 9 -10 10 -12 -13 -14 -15
leaf_value=-0.011528344592031505 -0.013116506606391316 0.012513048502719577 -0.013198560473004916 -0.0018656763227983225 0.002106525152548817 0.0041079694906542095 0.0011390436122104837 -0.0013712634259169349 -0.0012888263107691989 0.007827158054702273 -0.0067144816222689955 -0.0027758215960977722 0.0094303873945971745 -0.0097700624870594131
leaf_weight=249.82896758615971 21.04631170630455 221.79108101129532 37.84387232363224 24.466886773705482 18.890258312225342 65.401465907692909 48.570168659090996 101.68600003421307 101.56024610996246 98.258261024951935 18.345113962888718 24.276949301362038 133.30911476910114 106.85619570314884
leaf_count=1008 86 975 152 103 76 263 196 416 416 407 75 100 559 428
internal_value=-0.000127952 0.00537801 -0.00788053 0.00226208 -0.0044513 -0.00282893 -0.00547355 7.57439e-05 -0.00375352 0.00226242 0.00535732 0.00624457 0.00767517 -0.00797357
internal_weight=1272.13 744.74 527.391 522.949 277.562 239.718 174.317 340.896 122.607 218.289 116.603 182.053 157.776 125.746
internal_count=5260 3137 2123 2162 1115 963 700 1400 502 898 482 762 662 504
is_linear=0
shrinkage=0.02


Tree=28
num_leaves=15
num_cat=0
split_feature=0 8 9 3 3 8 10 10 8 1 8 3 0 17
split_gain=97.2758 56.3025 20.2149 19.902 17.8903 11.4002 8.94687 8.51972 7.07202 7.61328 7.05708 6.28095 9.01015 6.11319
threshold=0.42340286831812263 -1.6081871345029237 0.47222222222222227 -6.3140681003584218 1.2980072463768118 5.0747728860936414 0.71240601503759404 0.53452380952380962 -5.5590277777777768 115.26278772378518 3.9819727891156469 -0.22996794871794871 0.4836021505376345 13.273188355102731
decision_type=2 2 2 2 2 2 2 2 2 2 2 2 2 2
left_child=2 8 3 -1 6 -6 7 10 -2 -10 -3 -9 -13 -5
right_child=1 4 -4 13 5 -7 -8 11 9 -11 -12 12 -14 -15
leaf_value=-0.0098066535765491698 0.01459247136831467 0.0038910896057832911 -0.012052253804340402 0.01049213892031514 0.0054808791835739444 -0.0028197290248681249 0.0066770428880790957 -0.011286332407686573 0.010229967446542481 -0.0010484382033441257 -0.0068229762623776245 0.0073242322463494183 -0.0069951429534015628 -0.00035333418826423478
leaf_weight=72.73105975985527 139.19946511089802 64.815632030367851 226.91543710231781 30.978002786636353 262.79266050457954 84.420630678534508 27.731678202748299 76.436870753765106 88.704497635364532 30.98803623020649 32.963945418596268 20.018165975809097 56.553357437252998 48.501409620046616
leaf_count=293 616 262 917 127 1101 343 113 308 378 134 132 81 229 198
internal_value=8.40251e-05 0.00371551 -0.00832749 -0.00256789 0.000444436 0.00345131 -0.00329881 -0.00451087 0.0114634 0.00738507 0.000122902 -0.00738226 -0.00303213 0.00424461
internal_weight=1263.75 884.625 379.126 152.21 625.733 347.213 278.52 250.788 258.892 119.693 97.7796 153.008 76.5715 79.4794
internal_count=5232 3697 1535 618 2569 1444 1125 1012 1128 512 394 618 310 325
is_linear=0
shrinkage=0.02


Tree=29
num_leaves=15
num_cat=0
split_feature=12 3 12 9 3 10 0 16 6 6 1 12 14 6
split_gain=137.539 41.1658 13.9373 12.0663 15.2451 10.9275 9.28709 11.4122 7.21626 7.18106 6.65761 7.2748 8.91761 6.76913
threshold=1.8054315476190477 -6.1314285714285708 5.6664742664742667 0.41428571428571431 0.56173780487804892 0.71240601503759404 0.44033898305084751 108.31033012591568 109.86775956284154 112.04565972222224 117.61200716845879 3.2236301961801055 114.46688034188035 112.25227272727274
decision_type=2 2 2 2 2 2 2 2 2 2 2 2 2 2
left_child=1 -1 6 -3 5 -5 -2 -8 -9 -6 11 12 -10 -13
right_child=2 3 -4 4 9 -7 7 8 10 -11 -12 13 -14 -15
leaf_value=-0.012918058080442149 -0.0045443518322679849 0.0030814904471883242 0.011561766729869123 -0.0077567097715241654 0.0061546174931608848 0.0076695957922512685 0.013118310028840457 -0.008133330955368211 0.00918124239410276 -0.0020449574749421564 -0.0048429181091451555 -0.00047188631524503838 -0.0078666215450759452 0.015139216061491172
leaf_weight=197.06292776763439 33.921617716550827 121.82970860600471 256.12121424078941 267.38049866259098 56.927858024835587 15.791222602128981 60.773940846323967 16.317286401987076 18.096083343029022 132.96352991461754 20.652008429169655 14.427470266818998 21.193767905235291 39.367282330989838
leaf_count=799 139 496 1131 1075 233 64 257 68 75 539 86 61 87 166
internal_value=1.68559e-06 -0.00511163 0.00838884 -0.00243957 -0.00387878 -0.00677831 0.0046001 0.00630015 0.00274632 0.000508041 0.00458394 0.00681567 0.000135342 0.0112683
internal_weight=1272.83 791.956 480.871 594.893 473.063 283.172 224.749 190.828 130.054 189.891 113.737 93.0846 39.2899 53.7948
internal_count=5276 3206 2070 2407 1911 1139 939 800 543 772 475 389 162 227
is_linear=0
shrinkage=0.02


Tree=30
num_leaves=15
num_cat=0
split_feature=12 12 10 4 12 8 14 2 17 18 10 5 2 5
split_gain=122.677 28.694 17.0737 14.3011 9.70293 6.67412 6.03242 5.69997 5.15698 5.04097 5.83816 10.7887 5.81194 5.79867
threshold=3.3047162859248345 -4.8321428571428564 0.51389961389961403 0.38750000000000007 6.0756340244353941 -5.5590277777777768 104.34313725490198 108.70679824561405 12.35124200857453 13.406446814755341 0.62678571428571439 0.49374902328488829 106.40588235294119 0.61791443850267391
decision_type=2 2 2 2 2 2 2 2 2 2 2 2 2 2
left_child=1 2 -1 4 -2 6 -5 -7 -4 10 12 -12 -3 -13
right_child=3 9 8 5 -6 7 -8 -9 -10 -11 11 13 -14 -15
leaf_value=-0.011430987483153911 -0.01165328825228026 0.0051271253110226605 0.0076256910068088629 0.0050067544717162906 0.0074908101367589398 0.011076345087170978 0.016236497827841673 0.0040872507152677666 -0.0034858851958059168 0.0006572148690718396 0.010833342348748798 -0.0071674715012853734 -0.0065133134852361184 0.0020282928197605881
leaf_weight=248.50947618484497 17.43865892291069 15.397071555256842 16.945113092660904 29.964630782604218 15.413366392254828 104.57303270697594 108.07226544618607 97.26037909090519 65.543105766177177 250.6925832927227 24.643927901983261 52.145173788070679 164.56460891664028 49.419167205691338
leaf_count=1006 72 63 68 133 66 455 481 418 263 1021 102 213 665 201
internal_value=-0.000199334 -0.00424063 -0.00885846 0.00935613 -0.00286831 0.0105622 0.014059 0.00788863 -0.000897933 -0.0014414 -0.0031427 0.000167173 -0.00540571 -0.00280777
internal_weight=1260.58 887.86 330.998 372.722 32.852 339.87 138.037 201.833 82.4882 556.863 306.17 126.208 179.962 101.564
internal_count=5227 3602 1337 1625 138 1487 614 873 331 2265 1244 516 728 414
is_linear=0
shrinkage=0.02


Tree=31
num_leaves=15
num_cat=0
split_feature=12 3 18 12 10 11 10 4 7 5 18 3 6 12
split_gain=108.391 34.3352 11.0413 10.7918 10.6005 15.5795 9.77383 9.11573 8.762 8.28641 6.70402 6.47274 6.28693 9.99959
threshold=1.8054315476190477 -6.3140681003584218 14.242294046186744 9.4409214884083408 0.63060428849902539 0.5064102564102565 0.56125000000000014 0.38750000000000007 110.50919117647059 0.4690688775510205 13.146417176345777 -2.0493902439024385 114.05982142857145 3.1602469135802473
decision_type=2 2 2 2 2 2 2 2 2 2 2 2 2 2
left_child=1 9 4 7 5 6 10 11 -5 -1 -3 -2 -9 -14
right_child=3 2 -4 8 -6 -7 -8 12 -10 -11 -12 -13 13 -15
leaf_value=-0.005717070773724334 -0.011214588091558626 -0.0025388148411481242 0.0036234638897011881 -7.56928183498235e-05 0.00084894453219333489 -0.0097203873170632945 -0.0086861810538545157 0.0085383108865580964 0.015438797178167653 -0.014858586077275596 0.0062961057803539956 0.0034589608264768644 -0.0084570719732681467 0.0061899561024879339
leaf_weight=71.89101068675518 15.633253037929533 67.169302493333817 108.90604524314404 17.074363425374031 164.50053562223911 159.80540853738785 44.160062432289124 241.56992816925049 92.036282256245613 119.9815926104784 61.262194231152534 24.79936894774437 21.706024408340454 57.660870224237442
leaf_count=289 64 271 442 76 669 642 179 1037 418 491 248 104 89 247
internal_value=7.88682e-05 -0.00440405 -0.00202747 0.00764583 -0.00328975 -0.00532019 -0.00108701 0.00583833 0.013114 -0.0116656 0.00175348 -0.00282437 0.00695627 0.00192034
internal_weight=1268.16 797.676 605.804 470.48 496.898 332.397 172.592 361.369 109.111 191.873 128.431 40.4326 320.937 79.3669
internal_count=5266 3231 2451 2035 2009 1340 698 1541 494 780 519 168 1373 336
is_linear=0
shrinkage=0.02


Tree=32
num_leaves=15
num_cat=0
split_feature=3 11 8 3 3 16 16 1 11 14 11 18 8 8
split_gain=90.8499 33.192 25.7598 22.6845 14.1955 9.1147 8.63961 8.74743 8.55036 9.25071 7.77664 6.59613 6.0742 5.89825
threshold=0.45566778900112237 0.3943381180223286 -5.1937499999999988 -2.4174242424242416 -6.3140681003584218 108.41036601419677 115.52951055391691 118.45666666666668 0.46547619047619054 121.67708333333336 0.43405797101449278 14.477707859873812 -2.5390720390720385 6.1467434647762529
decision_type=2 2 2 2 2 2 2 2 2 2 2 2 2 2
left_child=1 3 -2 -1 -3 -6 13 -8 10 11 -7 -10 -5 -4
right_child=2 4 6 12 5 8 7 -9 9 -11 -12 -13 -14 -15
leaf_value=-0.004900179890780571 0.014784063659164761 -0.014200704340088697 0.0054928767871949445 0.010050171720216848 0.00048281981965510431 -0.0063210228663582967 -0.0080833702052407613 0.0080258353151832201 -0.012399811762136821 0.0037248254423830739 0.0089073383911185862 0.00086493488904730521 0.0013312287300115448 -0.0016864327714829089
leaf_weight=146.1071832627058 98.532622680068016 120.93637132644653 388.82712630927563 72.382364749908447 67.519538700580597 27.521450012922287 40.417227655649185 14.617858335375784 148.79873304069042 16.21693617105484 17.829988181591034 15.91938856244087 57.410613015294075 49.491181597113609
leaf_count=593 448 495 1644 311 274 111 164 60 597 65 72 64 234 201
internal_value=-4.10824e-05 -0.00495255 0.00568334 0.000428396 -0.00849459 -0.00594751 0.00373565 -0.00349253 -0.00783516 -0.00973432 -4.39789e-05 -0.0111301 0.00638601 0.00467237
internal_weight=1282.53 690.643 591.886 275.9 414.742 293.806 493.353 55.0351 226.286 180.935 45.3514 164.718 129.793 438.318
internal_count=5333 2816 2517 1138 1678 1183 2069 224 909 726 183 661 545 1845
is_linear=0
shrinkage=0.02


Tree=33
num_leaves=15
num_cat=0
split_feature=12 12 3 10 2 0 4 8 7 0 12 10 10 7
split_gain=120.82 22.1758 17.0758 9.89573 9.04289 10.6894 8.16979 7.85151 7.81126 7.5215 8.83542 6.82587 6.61147 6.38199
threshold=-1.2763347763347761 6.8502502502502507 -5.5810202550637653 0.69098143236074283 108.36449579831934 0.59122919334186952 0.5277777777777779 6.1467434647762529 115.50121951219514 0.41967741935483877 1.4090965944624483 0.45307917888563054 0.73798627002288331 108.57056737588654
decision_type=2 2 2 2 2 2 2 2 2 2 2 2 2 2
left_child=2 3 8 4 -2 9 12 -8 -1 11 -11 -6 13 -4
right_child=1 -3 6 -5 5 -7 7 -9 -10 10 -12 -13 -14 -15
leaf_value=-0.013831772152754898 0.0065917626499275911 0.01076375904747336 -0.011346871739834227 0.0067349554532135005 -0.00032153033459758038 -0.011186331940433177 0.0036390843207498142 -0.0062272477749855757 -0.0028318379659804044 -0.0012915729534618251 0.0078052472575868316 -0.013272254515286613 0.0049176658085725291 -0.0043702319961926991
leaf_weight=157.08503691852093 80.157814830541611 199.42119562625885 96.648047342896461 174.97652517259121 48.276356801390648 30.097631320357323 74.99448624253273 49.087261438369751 34.268175587058067 89.617680072784424 74.556474208831787 19.760945990681648 15.114887461066244 130.76408644020557
leaf_count=641 335 897 388 740 196 125 302 198 139 365 313 81 61 525
internal_value=-0.000244121 0.00517298 -0.00718809 0.00293591 0.000925887 -0.000896434 -0.00455721 -0.000354102 -0.0119841 0.000644947 0.00294816 -0.00473407 -0.00665701 -0.00751556
internal_weight=1274.83 716.865 557.962 517.443 342.467 262.309 366.609 124.082 191.353 232.211 164.174 68.0373 242.527 227.412
internal_count=5306 3052 2254 2155 1415 1080 1474 500 780 955 678 277 974 913
is_linear=0
shrinkage=0.02


Tree=34
num_leaves=15
num_cat=0
split_feature=4 5 9 8 4 15 2 13 2 2 15 16 15 17
split_gain=60.5044 42.5903 22.5159 15.4426 10.1388 9.53809 8.64263 7.85178 7.56952 6.99624 6.37358 6.03176 6.00846 5.82731
threshold=0.31666666666666671 0.52667140825035574 0.47222222222222227 -5.3273809523809517 0.11250000000000002 112.1407385624756 112.58786764705884 107.34166666666668 110.68356867779205 108.07477288609365 107.61804598620068 113.7235080591358 105.55562129522229 11.960634293586237
decision_type=2 2 2 2 2 2 2 2 2 2 2 2 2 2
left_child=2 3 4 12 -1 9 7 10 -4 -3 -5 -7 -2 -13
right_child=1 5 8 6 -6 11 -8 -9 -10 -11 -12 13 -14 -15
leaf_value=-0.0117614350005497 0.0004891379257987332 0.00016622333027555152 -0.0027044750668590921 0.0053040794237176267 0.0020970262813197402 0.0065714428681034193 -0.00025619672343215211 0.0085342800563941255 -0.013476547837150337 -0.0062811524945872591 -0.0061969869783038535 0.0067539608779220743 0.013200456731777416 -0.0046724253286590947
leaf_weight=21.46763963997364 17.15692463517189 101.42426672577858 34.436521992087364 41.113545328378677 99.764996573328972 62.07707491517067 121.96916979551315 168.37887807190418 160.11292533576488 193.7536878734827 28.14358776807785 20.022816315293312 130.0960188806057 58.339434698224068
leaf_count=87 73 417 140 171 408 258 503 724 652 784 119 82 587 237
internal_value=-4.73166e-05 0.00249467 -0.00755469 0.00640901 -0.000725664 -0.00208086 0.00407656 0.00625984 -0.0116854 -0.00409994 0.000527889 0.00215793 0.0117841 -0.00152282
internal_weight=1258.26 942.475 315.782 506.858 121.233 435.617 359.605 237.636 194.549 295.178 69.2571 140.439 147.253 78.3623
internal_count=5242 3955 1287 2177 495 1778 1517 1014 792 1201 290 577 660 319
is_linear=0
shrinkage=0.02


Tree=35
num_leaves=15
num_cat=0
split_feature=12 3 12 0 10 18 11 16 3 3 11 12 1 6
split_gain=111.979 23.8999 11.5715 11.2476 10.8312 13.8252 11.4488 13.7268 10.811 9.92136 7.14791 7.80755 6.63753 6.55154
threshold=1.3427782532901971 -5.3710073710073702 6.8502502502502507 0.42526595744680856 0.77951388888888895 14.242294046186744 0.46291208791208799 108.41036601419677 4.467375886524823 0.56173780487804892 0.44590643274853808 4.6490609253321127 113.15695128626164 109.30094339622643
decision_type=2 2 2 2 2 2 2 2 2 2 2 2 2 2
left_child=1 13 3 -2 5 6 -3 -8 -6 -9 -5 12 -12 -1
right_child=2 4 -4 10 8 -7 7 9 -10 -11 11 -13 -14 -15
leaf_value=-0.0046271683066371793 -0.005108155964233938 -0.0008253232945317449 0.010664319104206602 0.0083692455748358881 0.01118492557372657 0.0031356210700841393 0.0053735889644737599 -0.012423291691207455 -0.0071732622898305733 -0.0040245001972879224 -0.0080506505330757722 0.0099147785002386274 0.0033247550031212415 -0.013123051214117082
leaf_weight=57.200079560279846 39.748725682497025 145.32692818343639 196.13790021836758 162.24057999253273 34.70286051928997 88.816008359193802 25.488329574465752 148.95704837143421 14.877359122037886 99.24260938167572 32.685274913907051 26.223975241184235 40.698893144726753 150.3287605792284
leaf_count=232 163 590 888 694 142 360 103 598 61 401 136 115 168 615
internal_value=-0.000432866 -0.00522502 0.00691063 0.00433539 -0.00301693 -0.00389649 -0.00540645 -0.00778055 0.00552376 -0.00921082 0.00583778 0.0015116 -0.00193219 -0.0109453
internal_weight=1262.68 764.94 497.735 301.597 557.411 507.831 419.015 273.688 49.5802 248.2 261.849 99.6081 73.3842 207.529
internal_count=5266 3102 2164 1276 2255 2052 1692 1102 203 999 1113 419 304 847
is_linear=0
shrinkage=0.02


Tree=36
num_leaves=15
num_cat=0
split_feature=10 8 10 8 8 15 6 2 1 18 17 15 10 13
split_gain=65.0139 29.6084 16.3886 15.3231 10.3786 8.6448 7.66504 7.60502 10.8527 7.60279 6.0769 5.93037 5.64896 5.50105
threshold=0.43875000000000003 -7.1961538461538455 0.63060428849902539 -3.0617662612374397 6.4068287037037051 105.3362327347846 117.70569800569803 109.00980392156865 110.3414278776105 14.16270416972813 11.999848101674583 107.83044541651783 0.53708791208791218 111.5857142857143
decision_type=2 2 2 2 2 2 2 2 2 2 2 2 2 2
left_child=3 -2 4 11 7 -4 10 -3 -9 12 -7 -1 -10 -14
right_child=1 2 5 -5 -6 6 -8 8 9 -11 -12 -13 13 -15
leaf_value=-0.0029570510261123779 0.012625626333673388 0.0048456548010102326 -0.0090574641829643237 -0.0095944474248649946 -0.01034049686883305 -0.0030198937793366725 -0.0023591671830764235 -0.010138522070245784 0.0024306697522003188 0.0068982918268104612 0.006609330598223777 0.0084377512169984837 0.0026565486927105316 -0.0073502528182299506
leaf_weight=54.689224138855934 106.20695964992046 85.754038900136948 14.099872067570685 257.45105557143688 40.305490493774414 25.599594533443451 48.690008580684662 46.177016153931618 69.971078395843506 45.966311126947403 333.26951299607754 21.352087467908859 27.113016784191132 76.588628217577934
leaf_count=222 483 356 59 1050 162 109 200 187 285 189 1418 90 111 313
internal_value=0.000196582 0.0029409 0.00160716 -0.00730363 -0.00133078 0.00432117 0.00488818 -0.000167354 -0.00184419 8.64639e-05 0.00589038 0.00056574 -0.00185903 -0.0047321
internal_weight=1253.23 919.742 813.535 333.492 391.876 421.659 407.559 351.57 265.816 219.639 358.869 76.0413 173.673 103.702
internal_count=5234 3872 3389 1362 1603 1786 1727 1441 1085 898 1527 312 709 424
is_linear=0
shrinkage=0.02


Tree=37
num_leaves=15
num_cat=0
split_feature=12 12 3 7 4 7 15 3 5 5 3 7 11 13
split_gain=109.601 26.3656 16.0868 9.64847 9.24491 7.05214 5.77255 8.33419 6.02766 5.199 5.16636 5.12873 4.85405 4.7922
threshold=-1.5779160382101554 3.3047162859248345 0.45566778900112237 114.05064102564104 0.38750000000000007 109.95745614035089 109.28457473039698 -2.7184981684981682 0.46211251435132039 0.31866537717601556 4.0289883913764521 119.17063492063494 0.45889639639639646 112.66190476190478
decision_type=2 2 2 2 2 2 2 2 2 2 2 2 2 2
left_child=2 3 6 13 -3 -4 8 -8 -1 10 -6 -5 -9 -2
right_child=1 4 5 11 9 -7 7 12 -10 -11 -12 -13 -14 -15
leaf_value=-0.0042550284815822534 0.0051580715981664619 -0.0015696861934373046 0.00398015736813917 -0.0058541378053235732 0.0091123989016766455 -0.0064350776986858305 -0.012371632469111831 0.0072967600539841672 -0.011371839604123723 0.0073213994031485199 0.01922564358928016 0.0051924282609563874 -0.0034229405113245753 -0.00059984439426188679
leaf_weight=67.818120196461678 150.87063544988632 32.162820428609848 65.199957117438316 91.648735493421555 80.410483866930008 36.306393355131149 30.826371178030968 17.88012358546257 264.79096229374409 222.96274876594543 36.824479296803474 16.293723344802856 59.877076119184494 90.39448219537735
leaf_count=273 624 136 263 373 363 146 125 72 1078 982 173 66 240 370
internal_value=-0.000297814 0.00479599 -0.00705244 0.00082308 0.00846159 0.000127664 -0.00868731 -0.00438752 -0.0100052 0.00941896 0.0129455 -0.00403063 -0.00066604 0.00303238
internal_weight=1264.27 721.568 542.699 349.208 372.361 101.506 441.193 108.584 332.609 340.198 117.235 107.942 77.7572 241.265
internal_count=5284 3087 2197 1433 1654 409 1788 437 1351 1518 536 439 312 994
is_linear=0
shrinkage=0.02


Tree=38
num_leaves=15
num_cat=0
split_feature=12 3 12 0 5 13 3 7 8 8 3 10 10 14
split_gain=106.042 21.7622 21.4543 9.78199 8.52684 6.47253 5.92495 7.38943 5.9223 11.6212 7.31659 5.34229 7.76216 6.11658
threshold=-0.60567426970788307 -6.3140681003584218 3.5423530673530679 0.3943381180223286 0.44208407871198574 104.89087301587303 1.2980072463768118 108.50312500000001 -0.23685583822570114 -1.3858560794044663 6.3402409146590459 0.53229166666666672 0.59317129629629639 120.33908045977013
decision_type=2 2 2 2 2 2 2 2 2 2 2 2 2 2
left_child=1 4 5 -4 -1 -2 7 -3 9 -7 -10 13 -13 -9
right_child=2 6 3 -5 -6 8 -8 11 10 -11 -12 12 -14 -15
leaf_value=-0.0041889751476457508 0.0099682058032435315 -0.0085121592522728381 -0.0044504535795917427 0.0094820151410631454 -0.014447105640702155 0.0025441815799700849 0.0008773624516607094 -0.0014462548421217743 0.0045790535310288889 -0.0098067686488486367 -0.0081052081438882165 -0.0116770891485486 -0.00054241327898304343 0.010510827727598296
leaf_weight=49.445618763566017 26.431516468524933 126.82109095156193 18.590734556317329 341.07154473662376 131.02443471550941 65.314559951424599 92.821751967072487 100.4209560751915 131.65459515154362 49.653524354100227 16.334940358996391 42.251086443662643 54.376525342464447 15.441583961248396
leaf_count=199 109 510 77 1526 543 268 376 404 543 204 67 170 219 62
internal_value=-0.000130684 -0.00607357 0.00548202 0.00871071 -0.0118253 0.00138952 -0.00356374 -0.00477374 0.000357307 -0.00297647 0.00295984 -0.00239813 -0.00574609 0.000516226
internal_weight=1261.65 612.603 649.051 359.662 180.47 289.389 432.133 339.311 262.958 114.968 147.99 212.49 96.6276 115.863
internal_count=5277 2483 2794 1603 742 1191 1741 1365 1082 472 610 855 389 466
is_linear=0
shrinkage=0.02


Tree=39
num_leaves=15
num_cat=0
split_feature=3 11 10 3 5 6 16 7 2 8 18 10 1 17
split_gain=66.0972 42.175 16.11 15.0866 8.35313 7.9552 7.7338 8.14913 7.7132 7.65327 7.09167 8.98999 6.93276 6.69524
threshold=-6.3140681003584218 0.44281045751633991 0.68237250554323736 2.2789215686274513 0.46211251435132039 107.34902177925436 110.2584273933894 106.38492063492065 109.46446593776285 1.4504901960784315 14.242294046186744 0.73123827392120078 110.7674278846154 15.374277045144742
decision_type=2 2 2 2 2 2 2 2 2 2 2 2 2 2
left_child=4 2 6 10 -1 -6 7 -2 -9 -5 11 -3 -10 -7
right_child=1 3 -4 9 5 13 -8 8 12 -11 -12 -13 -14 -15
leaf_value=-0.0046558237473928853 -0.0061645113177579347 -0.0069314775627090939 0.010893373757205522 0.0076413698412213247 0.00026476320757704117 -0.017588077371748528 -0.00087720518342139693 0.011901552536007727 -0.003342578018303221 -0.0004079005364089916 0.0015093628267444129 0.0063272494546584212 0.0062068126627067548 -0.0035374083384630312
leaf_weight=73.465369716286659 18.238515585660934 248.88507094979286 177.0438861399889 66.40560719370842 14.532130718231199 89.284020066261292 110.69084198772907 68.989792034029961 37.453159779310226 138.28293055295944 61.185776978731155 18.410629495978355 112.3049054890871 19.251253515481949
leaf_count=296 75 1004 792 290 60 372 454 300 155 570 248 75 483 80
internal_value=6.05981e-05 0.00205151 0.00605057 -0.00190383 -0.010441 -0.0135779 0.00346504 0.00546942 0.0065555 0.00232341 -0.00453331 -0.00591884 0.00378776 -0.0153614
internal_weight=1254.42 1057.89 524.721 533.17 196.533 123.067 347.677 236.986 218.748 204.689 328.481 267.296 149.758 108.535
internal_count=5254 4446 2259 2187 808 512 1467 1013 938 860 1327 1079 638 452
is_linear=0
shrinkage=0.02


Tree=40
num_leaves=15
num_cat=0
split_feature=0 8 10 10 7 9 13 16 17 10 2 8 13 0
split_gain=73.1877 35.7175 13.3303 11.4261 9.63118 8.02656 7.75768 7.20371 8.94901 7.18713 6.82994 5.41863 7.29721 5.34906
threshold=0.41223155929038285 -2.278571428571428 0.63060428849902539 0.6708333333333335 118.20576923076923 0.31666666666666671 109.87867647058825 108.59379434380479 13.261059198151225 0.62910052910052927 108.07477288609365 0.77951388888888895 106.6711711711712 0.5929064657878218
decision_type=2 2 2 2 2 2 2 2 2 2 2 2 2 2
left_child=4 3 5 9 7 -3 13 8 -1 -2 11 -7 -13 -4
right_child=1 2 6 -5 -6 10 -8 -9 -10 -11 -12 12 -14 -15
leaf_value=0.003597692088057759 0.0080571726821181185 0.0078850778693525456 -0.0056103274773265923 0.015271715823739389 0.0028305430725398817 0.010047940174920304 0.005545705017124352 -0.01092417889695833 -0.0076160740013648288 -0.0032438935382359162 -0.0044675811089828592 -0.009002092004981253 0.0061563896206954724 0.0027560266200104973
leaf_weight=35.681995958089828 108.4354058355093 25.205607175827026 46.693284139037132 93.176321655511856 31.112659573554993 20.631112858653069 242.01929888129234 190.6574891358614 99.616851806640625 25.15231329202652 239.33267158269882 20.337327122688293 20.659056484699249 69.991652771830559
leaf_count=146 480 104 192 434 127 86 1021 782 406 113 968 82 84 297
internal_value=0.000196644 0.00320308 0.000899553 0.00999067 -0.00741734 -0.00201103 0.00353738 -0.00842349 -0.00463588 0.00588911 -0.00295515 0.00281292 -0.00152451 -0.000684861
internal_weight=1268.7 911.634 684.87 226.764 357.069 326.166 358.704 325.956 135.299 133.588 300.96 61.6275 40.9964 116.685
internal_count=5322 3861 2834 1027 1461 1324 1510 1334 552 593 1220 252 166 489
is_linear=0
shrinkage=0.02


Tree=41
num_leaves=15
num_cat=0
split_feature=10 8 10 5 10 8 13 7 7 2 8 8 10 17
split_gain=59.5162 39.2243 14.4938 14.3903 10.0687 7.60312 7.02061 9.92263 7.78665 7.19387 8.57417 7.76898 7.25231 7.00547
threshold=0.42678571428571432 -1.8708333333333331 0.62910052910052927 0.43263412666397744 0.6708333333333335 2.5843495934959355 109.87867647058825 107.02966777408639 111.71066856330016 112.05195681511472 4.0061728395061733 4.2992537313432839 0.75337837837837851 12.057714450439503
decision_type=2 2 2 2 2 2 2 2 2 2 2 2 2 2
left_child=3 4 5 -1 -2 -3 7 -4 -9 10 -8 12 -11 -7
right_child=1 2 6 -5 -6 13 9 8 -10 11 -12 -13 -14 -15
leaf_value=-0.0011520680892482702 0.0057152958867701942 -0.0003302839255705377 -0.0091607973022189721 -0.0103471791984823 0.014231899600961044 0.0024823621267105874 0.010827005996983495 0.0079233640808639635 -0.0042694864021472888 -0.0077412981412976227 0.00047299603799521022 0.0090632163068363122 0.0042423131521902259 -0.0084533712920683932
leaf_weight=100.0462077409029 154.53379926085472 184.41409833729267 37.115531250834465 217.59803812205791 94.283226937055588 26.581315189599991 93.669057071208954 44.003761991858482 32.368219718337059 43.611392214894295 48.040630429983139 25.19838909804821 30.357995808124542 117.23361404240131
leaf_count=409 679 752 154 896 440 107 407 184 136 180 197 102 129 472
internal_value=-0.000106282 0.00244657 -4.91179e-05 -0.00751379 0.00915924 -0.00305331 0.00273726 -0.00132571 0.00281094 0.00463954 0.00745267 0.000454833 -0.00286586 -0.00641663
internal_weight=1249.06 931.411 682.594 317.644 248.817 328.229 354.365 113.488 76.372 240.877 141.71 99.1678 73.9694 143.815
internal_count=5244 3939 2820 1305 1119 1331 1489 474 320 1015 604 411 309 579
is_linear=0
shrinkage=0.02


Tree=42
num_leaves=15
num_cat=0
split_feature=3 8 3 8 10 7 1 3 10 5 2 10 13 9
split_gain=71.2961 38.6651 21.0158 13.9573 12.0729 10.4762 9.31321 7.78807 7.61109 7.58872 6.92444 6.66462 5.52341 5.11715
threshold=-6.3140681003584218 -2.0371237458193976 0.56173780487804892 6.1467434647762529 0.6708333333333335 109.73634558093349 111.08599508599509 -0.94058823529411761 0.61200716845878145 0.42340286831812263 114.89160839160841 0.62115563839701782 109.57359307359309 0.47222222222222227
decision_type=2 2 2 2 2 2 2 2 2 2 2 2 2 2
left_child=9 4 5 10 11 6 -3 -7 12 -1 -4 13 -9 -2
right_child=1 2 3 -5 -6 7 -8 8 -10 -11 -12 -13 -14 -15
leaf_value=-0.0042574250862650945 0.0084893436070611981 -0.011932850741952475 0.0052151451516718669 -0.0054189088269230822 0.014071045866641213 0.0025350668017930711 -0.0019482001930502461 0.001564388130454962 0.0030001103431107684 -0.013414901508519117 -0.0036265156931376652 -0.0027303463603750278 -0.011682114032803526 -0.0008543662574048282
leaf_weight=56.423498392105103 126.64930841326714 84.652633264660835 322.23787792026997 66.407193303108215 93.069022625684738 117.63959544897079 68.011397823691368 15.000094816088675 29.822008326649666 140.4689245223999 36.194773271679878 32.666067838668823 49.048948675394058 27.475751489400864
leaf_count=227 553 342 1366 269 437 474 274 61 121 586 148 146 198 117
internal_value=-5.70879e-05 0.00199317 -0.000285323 0.00272253 0.00830921 -0.00378358 -0.00768756 -0.0008533 -0.00501308 -0.0109611 0.0042847 0.00514637 -0.00869119 0.00684914
internal_weight=1265.77 1068.87 789.015 424.84 279.86 364.175 152.664 211.511 93.8711 196.892 358.433 186.791 64.049 154.125
internal_count=5319 4506 3253 1783 1253 1470 616 854 380 813 1514 816 259 670
is_linear=0
shrinkage=0.02


Tree=43
num_leaves=15
num_cat=0
split_feature=3 11 4 16 3 17 16 8 16 6 8 16 7 3
split_gain=68.6705 51.5305 13.3698 12.4563 11.8719 9.94004 10.9642 8.32085 8.20838 7.70386 7.30002 6.9253 5.73587 5.51305
threshold=-3.8086956521739124 0.45889639639639646 0.58571428571428574 108.63608826313325 0.45566778900112237 11.960634293586237 111.71414855703351 -2.4161458333333328 107.33311301879107 115.26568627450982 -7.1961538461538455 112.79748962056384 116.53693693693695 -5.3710073710073702
decision_type=2 2 2 2 2 2 2 2 2 2 2 2 2 2
left_child=8 2 7 -3 9 -6 -7 -2 13 -5 -4 -9 -12 -1
right_child=1 3 10 4 5 6 -8 11 -10 -11 12 -13 -14 -15
leaf_value=-0.0062410292163633131 0.007331513339661852 0.0041034377882183662 0.016434447458345103 -0.011975936352792423 0.0090399102011167742 0.0023974513359785576 -0.0070674308868783108 -0.0021378441620707074 -0.011002844026961132 -0.0024343323044534945 0.009212599443738808 0.0083449232499232303 9.1316981411588096e-05 0.0044420368231223471
leaf_weight=65.687445908784866 108.60277061164379 86.564130201935768 53.078220456838608 89.66665430366993 28.037606090307236 85.557761326432228 103.66215743124485 115.0118478089571 195.90164421498775 57.496483206748962 173.3211325109005 26.911805629730225 32.741130650043488 22.521640658378601
leaf_count=267 479 365 254 361 115 356 424 475 809 231 753 110 145 92
internal_value=-0.000198744 0.00236215 0.00669044 -0.00254905 -0.00416343 -0.00113471 -0.00283624 0.00329757 -0.0087489 -0.00845053 0.00984601 6.62585e-05 0.00779982 -0.00342145
internal_weight=1244.76 960.652 509.667 450.985 364.421 217.258 189.22 250.526 284.111 147.163 259.14 141.924 206.062 88.2091
internal_count=5236 4068 2216 1852 1487 895 780 1064 1168 592 1152 585 898 359
is_linear=0
shrinkage=0.02


Tree=44
num_leaves=15
num_cat=0
split_feature=3 8 5 0 3 7 17 2 2 6 10 8 2 14
split_gain=60.1383 25.5497 15.4651 15.4447 13.3162 10.9838 9.34199 9.23063 7.71677 7.49256 11.0017 7.38585 7.41394 6.84531
threshold=0.56173780487804892 -2.278571428571428 0.31866537717601556 0.42340286831812263 -6.3140681003584218 109.73634558093349 13.136282065274861 111.89282296650718 118.19270027837923 113.51925925925927 0.61651583710407254 6.2158385093167707 114.64267252520033 119.96725571725572
decision_type=2 2 2 2 2 2 2 2 2 2 2 2 2 2
left_child=1 3 -2 6 -3 7 -1 -6 -8 -7 13 12 -4 -11
right_child=2 4 11 -5 5 9 8 -9 -10 10 -12 -13 -14 -15
leaf_value=0.0070997469946554046 0.012628519622500157 -0.011535645278115179 0.0050811727603005718 0.0088968718913805655 -0.012984436509580186 0.0033348552264751874 -0.009145543418903241 -0.0031622218503990608 0.0054726957062361751 -0.010033238598970866 0.0059973761430926996 -0.0027219052805605411 -0.0031546350939908748 0.0016494434318500074
leaf_weight=24.21636638045311 76.740277498960495 144.38552087545395 375.31599998474121 75.039388701319695 77.429772138595581 81.351764783263206 61.602375954389572 79.407758057117462 14.825583830475805 76.972232341766357 28.695032492280006 69.629405587911606 46.012956336140633 24.873252868652344
leaf_count=100 367 605 1617 331 313 330 251 320 60 310 116 282 191 100
internal_value=-0.000256867 -0.00421546 0.00454104 0.00231849 -0.00645339 -0.00433559 -0.00277522 -0.00826273 -0.00614796 -0.00130535 -0.00421343 0.00316234 0.0041553 -0.00723636
internal_weight=1256.5 688.799 567.699 175.684 513.115 368.73 100.644 156.838 76.428 211.892 130.541 490.958 421.329 101.845
internal_count=5293 2836 2457 742 2094 1489 411 633 311 856 526 2090 1808 410
is_linear=0
shrinkage=0.02


Tree=45
num_leaves=15
num_cat=0
split_feature=12 0 0 11 9 0 17 7 6 10 12 1 18 8
split_gain=78.3965 26.6616 12.2581 10.1334 9.22835 6.32189 6.23635 8.25058 5.75366 8.56338 5.56247 5.39462 5.13536 4.88302
threshold=3.5423530673530679 0.41223155929038285 0.3943381180223286 0.47722567287784684 0.41428571428571431 0.60128205128205137 12.270367465894752 113.78055555555558 107.43496621621624 0.47722567287784684 -6.8662538699690394 118.95077220077222 14.667389416057341 -5.0328205128205115
decision_type=2 2 2 2 2 2 2 2 2 2 2 2 2 2
left_child=1 4 -2 5 10 8 7 -4 -3 -10 -1 12 -5 -12
right_child=2 3 6 11 -6 -7 -8 -9 9 -11 13 -13 -14 -15
leaf_value=-0.0096287330467295772 -0.0063813662709673912 -0.0069892505905879256 -0.0060396780136259681 -0.0041290090446289276 -0.010044918470282336 0.009990057110857405 0.010025677616311068 0.0086900866574265885 0.011560013461381344 0.00045436093437234643 -0.0058986638312326402 0.0065679017826173018 0.0043872289378943949 0.0034126723005830483
leaf_weight=29.680020689964294 19.006694585084915 24.910352975130081 22.868870064616203 290.61006008088589 210.50528819859028 34.261528089642525 283.43470378220081 29.007213592529297 28.975279077887535 154.62809537351131 31.307062864303589 18.996534883975983 27.254122614860535 54.366886898875237
leaf_count=123 79 103 103 1177 869 144 1294 134 118 634 126 77 111 220
internal_value=6.52565e-05 -0.00305683 0.00797558 -0.000466968 -0.00758698 0.00261712 0.00887119 0.00223656 0.00120008 0.00246699 -0.0028706 -0.00269544 -0.00334218 -0.000127528
internal_weight=1259.81 905.495 354.317 579.636 325.859 242.775 335.311 51.8761 208.514 183.603 115.354 336.861 317.864 85.6739
internal_count=5312 3702 1610 2364 1338 999 1531 237 855 752 469 1365 1288 346
is_linear=0
shrinkage=0.02


Tree=46
num_leaves=15
num_cat=0
split_feature=12 12 0 0 11 18 16 17 14 11 9 18 13 6
split_gain=82.0206 26.2137 11.5995 7.64945 11.7705 6.2412 7.81243 7.02852 6.93155 6.77282 5.73154 5.41618 5.22906 5.064
threshold=-1.4140231259968101 6.0756340244353941 0.34514106583072107 0.41967741935483877 0.38013136288998362 12.099880983791559 112.55213038829733 13.017802630877904 112.15833333333335 0.57979626485568769 0.31666666666666671 14.035447981216342 119.18706293706295 110.42572892040978
decision_type=2 2 2 2 2 2 2 2 2 2 2 2 2 2
left_child=2 3 -1 -2 13 6 -6 9 -9 11 -4 -7 -3 -5
right_child=1 12 10 4 5 7 -8 8 -10 -11 -12 -13 -14 -15
leaf_value=-0.0091520825681176386 -0.00334839354838346 0.01138248249583106 0.0073984313726454792 0.013361124789224455 -0.013187386833113979 -0.00085159334394766504 0.0025794947616807101 0.010545001065669142 0.0011882604578828592 0.0071630212552634695 -0.0036358538795846591 -0.01188935839789027 -0.00075212900084828502 0.0049302429609411206
leaf_weight=196.31640197336674 76.19694995880127 207.3190942555666 15.355220198631285 44.78802478313446 20.811191648244858 57.169144585728645 21.847921743988991 52.342606648802757 74.000626668334007 21.984260693192482 335.79372102022171 21.394830077886581 14.58138135075569 92.115015149116516
leaf_count=815 310 969 62 193 86 238 90 221 308 91 1353 89 68 391
internal_value=0.000475048 0.00497228 -0.00530521 0.00230923 0.00339765 0.000924972 -0.0056889 0.00226433 0.00531852 -0.00164353 -0.00305625 -0.00438898 0.0105861 0.00806202
internal_weight=1252.02 704.551 547.465 482.651 406.454 269.551 42.6591 226.891 126.343 100.548 351.149 78.564 221.9 136.903
internal_count=5284 3054 2230 2017 1707 1123 176 947 529 418 1415 327 1037 584
is_linear=0
shrinkage=0.02


Tree=47
num_leaves=15
num_cat=0
split_feature=0 11 9 3 10 9 0 0 3 16 3 17 0 16
split_gain=53.4305 29.3885 16.8353 13.3334 12.091 8.62879 7.75108 7.51242 6.90811 6.88437 5.63672 6.49805 7.21162 4.31113
threshold=0.45867486338797819 0.44281045751633991 0.41428571428571431 -6.3140681003584218 0.68237250554323736 0.21111111111111114 0.6540835707502376 0.68217893217893233 7.3914141414141428 109.73517555399893 2.6440092165898621 13.463871943648707 0.51639784946236567 110.85364335853357
decision_type=2 2 2 2 2 2 2 2 2 2 2 2 2 2
left_child=2 4 3 5 9 -1 13 -8 -9 -2 11 12 -11 -3
right_child=1 6 -4 -5 -6 -7 7 8 -10 10 -12 -13 -14 -15
leaf_value=0.0027564407085610833 0.0067326864345919647 0.00044507682036413424 -0.0082972577614737787 0.0037784472753716958 0.011099272174040036 -0.011185027597361929 0.011497299415990755 -0.004907717763565315 0.006599072197751894 -0.0015165664039887301 -0.0097555259072302399 -0.0055448441789683533 0.013032374298740202 -0.0044561802749247389
leaf_weight=23.575480088591576 125.82830204069614 123.6023578196764 289.31724692881107 110.3689512014389 165.45021948218346 50.826349198818207 30.079773634672165 41.671836107969284 32.756450831890106 24.486035749316216 15.572090730071066 25.114566847681999 23.30420084297657 163.51755894720554
leaf_count=95 561 512 1190 459 759 209 127 176 144 100 67 103 98 662
internal_value=-7.4261e-05 0.00316712 -0.00532629 -0.000578262 0.00709329 -0.00687204 -0.000681441 0.00386664 0.000253126 0.003818 -0.000465556 0.0020175 0.0061404 -0.00237473
internal_weight=1245.47 771.383 474.088 184.771 379.755 74.4018 391.628 104.508 74.4283 214.305 88.4769 72.9048 47.7902 287.12
internal_count=5262 3309 1953 763 1688 304 1621 447 320 929 368 301 198 1174
is_linear=0
shrinkage=0.02


Tree=48
num_leaves=15
num_cat=0
split_feature=12 0 10 17 5 0 11 17 11 10 11 5 7 13
split_gain=71.9865 23.0095 8.90592 9.45097 8.77744 8.11093 5.86743 5.62434 5.33181 5.96114 4.91576 5.65384 5.59712 6.04581
threshold=3.1602469135802473 0.41728855721393038 0.77346041055718484 11.960634293586237 0.52223320158102771 0.3943381180223286 0.41277890466531447 12.456746493696272 0.57979626485568769 0.82247899159663873 0.47722567287784684 0.40560125342734049 109.36931690929453 110.49242424242426
decision_type=2 2 2 2 2 2 2 2 2 2 2 2 2 2
left_child=1 4 3 -3 -1 -2 -4 -7 9 -8 11 -5 -12 -14
right_child=5 2 6 10 -6 7 8 -9 -10 -11 12 -13 13 -15
leaf_value=-0.0038784122206773253 -0.0038616166633403297 0.0055088575534885109 0.014024573563505118 -0.0096013597547924892 -0.01045598971637717 0.0027921777542448539 0.0044889531903234085 0.0092516588406097444 0.0073365758669588508 -0.011221654358357957 -0.0013470597001449846 0.0011638314821221009 -0.00084785576093824059 -0.010470188228283906
leaf_weight=169.52671144902706 21.981165632605553 58.412759751081467 18.06434378027916 17.303170710802078 169.14695543050766 73.500740110874176 14.974165707826616 276.75915735960007 29.849771276116371 14.685587123036383 112.5611158311367 151.17296825349331 38.590195000171661 82.402561545372009
leaf_count=691 91 237 77 72 703 336 62 1268 122 61 456 619 156 332
internal_value=-9.69878e-05 -0.00322489 -0.000636421 -0.00170481 -0.00726784 0.00721485 0.00542428 0.00795454 0.00192896 -0.00378658 -0.00280771 -0.000186664 -0.00465489 -0.00755662
internal_weight=1248.93 876.69 538.017 460.443 338.674 372.241 77.5739 350.26 59.5095 29.6598 402.03 168.476 233.554 120.993
internal_count=5283 3588 2194 1872 1394 1695 322 1604 245 123 1635 691 944 488
is_linear=0
shrinkage=0.02


Tree=49
num_leaves=15
num_cat=0
split_feature=12 12 15 4 3 3 18 14 14 11 11 12 18 3
split_gain=60.151 16.1251 14.8409 7.38592 7.20122 5.97256 6.91006 6.90964 7.13211 5.90211 8.73258 7.19114 6.2866 5.2683
threshold=-1.5779160382101554 3.3047162859248345 109.5490859785168 0.38750000000000007 -2.7184981684981682 6.3402409146590459 12.059619814210405 114.70016339869282 119.51000000000001 0.45889639639639646 0.59729729729729741 -3.1972499999999995 12.931718196603375 -1.0661202185792347
decision_type=2 2 2 2 2 2 2 2 2 2 2 2 2 2
left_child=2 5 -1 13 -4 6 -2 -8 -9 -6 11 12 -11 -3
right_child=1 3 4 -5 9 -7 7 8 -10 10 -12 -13 -14 -15
leaf_value=-0.0077177832394674005 -0.0060556618952401619 -0.0086264129562150516 -0.0095202173834424454 0.0072022410889371561 0.0088404355577005652 -0.0098310368763208297 0.0045994450669995177 -0.0044856561014031387 0.006708186362553277 -0.0077766732632948343 0.0047295990924730563 -0.01271755603339933 0.0067874864899974277 0.0055911894165534548
leaf_weight=357.93413956463337 43.211516797542572 18.216232895851135 25.004422962665558 334.74801935255527 27.010612472891808 16.831212162971497 171.37524597346783 85.107559308409691 25.667123004794121 16.688958704471588 56.395887285470963 26.368814334273338 21.151202023029327 14.357627391815184
leaf_count=1470 177 76 102 1541 109 69 708 349 105 67 227 106 85 63
internal_value=-0.000355277 0.00344442 -0.00542136 0.00632492 -0.000576425 0.000305829 0.000971072 0.00213393 -0.00171428 0.00120082 -0.000793948 -0.00563658 0.000206185 -0.00244959
internal_weight=1240.07 709.515 530.554 367.322 172.62 342.193 325.361 282.15 110.775 147.615 120.605 64.209 37.8402 32.5739
internal_count=5254 3088 2166 1680 696 1408 1339 1162 454 594 485 258 152 139
is_linear=0
shrinkage=0.02


Tree=50
num_leaves=15
num_cat=0
split_feature=12 12 12 10 7 2 4 18 11 9 12 13 2 12
split_gain=63.9628 21.3567 14.1587 11.8752 11.6079 8.07668 7.85551 7.84644 5.53568 5.33564 5.28878 8.26959 7.92552 6.12227
threshold=-1.2763347763347761 9.4409214884083408 -6.1840695488721797 0.39736842105263165 110.87298387096776 111.97559523809524 0.5634920634920636 14.599611253958892 0.61651583710407254 0.38750000000000007 3.5423530673530679 107.53939393939395 112.58786764705884 2.6444675020618837
decision_type=2 2 2 2 2 2 2 2 2 2 2 2 2 2
left_child=2 3 -1 5 -3 -2 8 10 9 -4 13 -12 -13 -5
right_child=1 4 6 7 -6 -7 -8 -9 -10 -11 11 12 -14 -15
leaf_value=-0.008334918850594045 0.0031846696574297953 -0.0018052971561179577 0.0025253773533965972 0.0019033151224028431 0.015348403505858949 -0.012103953930741573 0.0026008623850792413 0.0091153882668938389 0.004198284418993504 -0.006961383904476974 -0.0042680204807037095 0.0094980462051156983 -0.00026395488939255223 -0.0060570527399180941
leaf_weight=260.31016425788403 19.917159885168076 18.002300009131432 25.587410524487495 228.52605654299259 83.626619502902031 30.255202442407608 98.608996167778969 79.188467994332314 23.569723069667816 142.7301884740591 29.271789997816086 112.07882080972195 46.100555345416069 41.349414810538292
leaf_count=1079 82 85 103 941 411 124 398 344 95 575 131 506 206 173
internal_value=6.5665e-05 0.00411757 -0.0049893 0.00259601 0.0123677 -0.00629617 -0.00190102 0.00347802 -0.0042218 -0.00548797 0.00241386 0.00494806 0.00673205 0.000595662
internal_weight=1239.12 688.316 550.806 586.687 101.629 50.1724 290.496 536.515 191.887 168.318 457.327 187.451 158.179 269.875
internal_count=5253 3003 2250 2507 496 206 1171 2301 773 678 1957 843 712 1114
is_linear=0
shrinkage=0.02


Tree=51
num_leaves=15
num_cat=0
split_feature=3 11 0 7 14 14 5 16 3 11 7 2 9 17
split_gain=54.6865 29.8174 16.3376 7.44053 7.89385 6.80228 6.39356 6.03922 8.14304 7.92268 6.52395 6.01278 5.83114 6.95801
threshold=-6.3140681003584218 0.36939571150097467 0.6540835707502376 117.7130750605327 112.25657894736842 118.6720430107527 0.43804824561403516 115.52951055391691 0.56173780487804892 0.62678571428571439 109.68237250554326 114.94101449275364 0.21111111111111114 15.374277045144742
decision_type=2 2 2 2 2 2 2 2 2 2 2 2 2 2
left_child=12 3 7 4 -2 -4 -6 8 10 -9 -3 -10 -1 -14
right_child=1 2 5 -5 6 -7 -8 9 11 -11 -12 -13 13 -15
leaf_value=-0.00033386812149757271 0.0072768292903151047 -0.0067217313908832068 0.0075945019919574364 0.012039943069606785 -0.0058544378919967747 -0.0032928165427692745 0.0038927855038791547 -0.010850328043618051 0.0028471812505554278 0.0035554003110833373 -0.0006650529461114822 -0.0075550860878672603 -0.013028018825781753 -0.0019774019161461803
leaf_weight=22.825190767645836 177.55223940312862 132.6369805932045 106.62643757462502 70.185688391327858 36.971081376075745 25.824500501155853 70.120018750429153 56.236837565898895 181.13492299616337 17.611622869968414 149.77629837393761 20.397022292017937 136.09938076138496 29.55396069586277
leaf_count=92 804 537 468 325 161 108 295 227 760 71 608 84 574 124
internal_value=-0.000131871 0.00166896 -0.00075917 0.00633729 0.0047476 0.00542919 0.000416706 -0.00226381 -0.00141122 -0.0074072 -0.00357706 0.00163695 -0.0099022 -0.0111722
internal_weight=1233.55 1045.07 690.245 354.829 284.643 132.451 107.091 557.794 483.945 73.8485 282.413 201.532 188.479 165.653
internal_count=5238 4448 2863 1585 1260 576 456 2287 1989 298 1145 844 790 698
is_linear=0
shrinkage=0.02


Tree=52
num_leaves=15
num_cat=0
split_feature=12 12 0 12 17 18 12 0 17 0 5 12 18 6
split_gain=57.2541 18.6744 9.52796 6.97962 6.0466 9.4461 8.06797 5.79648 5.41603 5.09561 5.05223 5.28512 6.02956 4.84754
threshold=3.5423530673530679 -6.8662538699690394 0.39228096301811871 11.844129554655872 13.214305109095333 12.931718196603375 -1.7203174603174602 0.62418831168831179 12.503021028435748 0.47332859174964442 0.47793640493186246 -0.85400424385475515 13.304612510045933 114.6916083916084
decision_type=2 2 2 2 2 2 2 2 2 2 2 2 2 2
left_child=1 9 -2 8 5 7 13 -3 -4 -1 -7 12 -12 -6
right_child=2 4 3 -5 6 10 -8 -9 -10 -11 11 -13 -14 -15
leaf_value=-0.0092389397895069059 -0.0071738500042856533 -0.0056005411891090198 0.00023509298170499153 0.013375446779213056 -0.0086120558411119964 0.0080545043231833001 -0.00054591070017476423 0.0058418902330164366 0.0070063817785526042 -7.212838937096807e-05 -0.0046999671459466118 -0.0034509247964618272 0.0074456617441110385 -0.00097227830537410093
leaf_weight=199.54327103495598 16.115044832229614 101.87517312169075 60.761772453784943 55.004874393343925 116.58429415524006 55.93700236082077 200.58765213191509 16.989863812923431 213.20688359439373 27.609104663133621 18.361956655979156 55.862744778394699 56.889295622706413 47.622561916708946
leaf_count=837 67 413 277 275 471 230 826 70 977 111 74 231 230 192
internal_value=-0.000597372 -0.00325731 0.00627103 0.00702718 -0.00155213 0.000520058 -0.0032734 -0.00379523 0.00553575 -0.00815032 0.0032897 0.0010357 0.00437384 -0.0064906
internal_weight=1242.95 897.863 345.089 328.974 670.711 305.916 364.795 118.865 273.969 227.152 187.051 131.114 75.2513 164.207
internal_count=5281 3685 1596 1529 2737 1248 1489 483 1254 948 765 535 304 663
is_linear=0
shrinkage=0.02


Tree=53
num_leaves=15
num_cat=0
split_feature=12 12 15 11 0 7 1 9 18 6 12 1 1 6
split_gain=72.529 25.7284 10.7894 9.94874 8.81139 7.95123 6.80163 6.16644 11.4101 6.68364 6.22162 5.80234 7.62273 5.68326
threshold=-2.6954648351082979 9.4409214884083408 111.02447180260019 0.48331479421579543 0.41223155929038285 110.50919117647059 114.34520807061791 0.64583333333333337 12.729132970070934 115.38496264009964 2.9395772052722187 105.82766531713902 110.51754926108376 110.9172374429224
decision_type=2 2 2 2 2 2 2 2 2 2 2 2 2 2
left_child=2 3 -1 4 11 -3 -4 8 -5 13 -9 -2 -13 -10
right_child=1 5 6 7 -6 -7 -8 10 9 -11 -12 12 -14 -15
leaf_value=-0.0074143442398027903 0.0075366784619598686 -0.0004949320827283589 -0.0055043502132527591 -0.010678477911372662 0.0055010195294640189 0.015360554050636986 0.0059195378017531291 0.00021306292385653798 -0.0023992788601708333 -0.0094580344004157584 0.012703731234817002 -0.010684151161401867 0.0020667339777038383 0.0082731811351567566
leaf_weight=370.25456470251083 17.025798559188843 14.315348625183104 32.736257091164589 49.336805284023285 381.25898829102516 86.918976992368698 41.714728191494942 64.567991524934769 33.073552429676056 14.863528475165365 16.262047335505486 31.446879416704178 35.867116540670395 39.321761608123779
leaf_count=1527 69 68 132 204 1654 433 168 264 140 61 71 128 147 165
internal_value=0.000378416 0.00402961 -0.00603384 0.00258426 0.00421989 0.0132007 0.000866144 -0.000934432 -0.00348013 0.000948017 0.0033197 -0.0015552 -0.00421692 0.00355749
internal_weight=1228.96 784.259 444.706 683.024 465.599 101.234 74.451 217.426 136.596 87.2588 80.83 84.3398 67.314 72.3953
internal_count=5231 3404 1827 2903 1998 501 300 905 570 366 335 344 275 305
is_linear=0
shrinkage=0.02


Tree=54
num_leaves=15
num_cat=0
split_feature=3 11 0 10 8 17 16 7 3 14 13 14 7 5
split_gain=49.6225 29.6705 17.9966 15.1466 8.93984 8.04555 7.94393 7.18305 7.11697 8.20116 6.76661 6.13346 6.47139 8.32891
threshold=-6.3140681003584218 0.39736842105263165 0.6540835707502376 0.69098143236074283 -1.3074947589098531 15.77165868978593 108.35319010133115 110.77871939736347 0.60158730158730167 120.22556390977445 116.19375000000001 111.67333333333336 119.61250000000003 0.42340286831812263
decision_type=2 2 2 2 2 2 2 2 2 2 2 2 2 2
left_child=4 3 6 7 -1 -6 -3 -2 9 -8 11 -9 13 -13
right_child=1 2 -4 -5 5 -7 8 10 -10 -11 -12 12 -14 -15
leaf_value=-0.0030631290852362021 -0.0027232087031197443 0.0021902607291610777 0.005953892990304974 0.011422221168007283 -0.014155741851840289 0.00091953749507851248 -0.0076307121146593892 0.0073283988860416939 -0.00075263119465676838 0.0029287367464301446 0.013624967934426644 -0.0099016575183998139 0.010353979687111993 0.0022695412004406939
leaf_weight=68.713202551007271 60.452678218483925 107.75381584465504 118.35062101483345 132.83794963359833 107.49905183911324 15.527223005890844 196.00322286784649 80.264387771487236 173.63279677927494 31.749181643128395 26.117380738258362 29.874142184853554 15.240624472498892 59.473009929060936
leaf_count=279 255 451 515 629 462 66 793 363 713 128 116 129 69 244
internal_value=6.26137e-05 0.00180983 -0.000915805 0.00600005 -0.00914623 -0.0122915 -0.00255505 0.00318776 -0.00384023 -0.00612741 0.00490536 0.003347 9.65742e-05 -0.0021091
internal_weight=1223.49 1031.75 627.49 404.26 191.739 123.026 509.139 271.422 401.385 227.752 210.97 184.852 104.588 89.3472
internal_count=5212 4405 2600 1805 807 528 2085 1176 1634 921 921 805 442 373
is_linear=0
shrinkage=0.02


Tree=55
num_leaves=15
num_cat=0
split_feature=3 8 16 3 3 16 1 18 18 3 5 5 2 16
split_gain=41.2149 29.807 12.9418 11.1715 6.59964 6.55206 5.83044 5.78152 7.66082 5.69228 5.37782 5.77656 5.29355 5.28267
threshold=-2.8174242424242419 -3.4574603174603173 108.00011704470215 1.0647273936170214 -0.65675287356321832 110.85364335853357 109.85982142857144 14.035447981216342 12.658814910148317 -1.2348484848484846 0.52803983228511542 0.44208407871198574 116.58653846153848 102.18150605447927
decision_type=2 2 2 2 2 2 2 2 2 2 2 2 2 2
left_child=2 13 -1 4 6 7 9 8 -6 -3 11 -5 -7 -2
right_child=1 3 -4 10 5 12 -8 -9 -10 -11 -12 -13 -14 -15
leaf_value=-0.0007682059226502998 0.0014033382555286315 -0.0085099674142698721 -0.0091436570603532549 -2.668295723147338e-05 -0.0074050812521971789 -0.010408997729924626 0.0036007433069096834 -0.0077448173036978865 0.0072508773365219416 0.0043625743565185292 0.00064203425400863876 0.007932240763728584 0.00079105690766566913 0.010905177396304835
leaf_weight=115.98235769569874 29.55988709628582 35.779281824827194 202.73699055612087 53.977062165737152 15.978320881724356 78.930576786398888 97.331362903118134 25.331595167517662 41.41228474676609 16.945046335458755 237.4903222322464 107.29571801424026 20.285718142986298 147.22857603430748
leaf_count=477 142 145 850 246 65 319 394 104 170 69 988 475 82 703
internal_value=-2.36753e-05 0.00215142 -0.00615476 0.000346155 -0.0023448 -0.00485379 0.000755699 -0.000612491 0.00290402 -0.00435334 0.00258783 0.00534774 -0.00819095 0.00939872
internal_weight=1226.27 907.546 318.719 730.757 331.994 181.938 150.056 82.7222 57.3906 52.7243 398.763 161.273 99.2163 176.788
internal_count=5229 3902 1327 3057 1348 740 608 339 235 214 1709 721 401 845
is_linear=0
shrinkage=0.02


Tree=56
num_leaves=15
num_cat=0
split_feature=12 3 4 14 4 7 18 10 7 1 1 18 17 3
split_gain=46.3993 22.3528 10.8347 7.46133 6.87256 6.7339 7.41223 6.84442 6.01761 6.92227 7.1459 5.97405 6.51912 5.75348
threshold=3.5423530673530679 -6.3140681003584218 0.38750000000000007 108.01612903225808 0.29285714285714287 119.35098522167489 13.406446814755341 0.46770833333333339 113.84529914529917 117.55370879120881 107.41421568627452 13.280433735987758 14.862726526619388 -1.0661202185792347
decision_type=2 2 2 2 2 2 2 2 2 2 2 2 2 2
left_child=1 3 13 4 -1 6 7 -3 9 10 -4 12 -9 -2
right_child=2 5 8 -5 -6 -7 -8 11 -10 -11 -12 -13 -14 -15
leaf_value=-0.0077000783695879236 -0.011410651510807336 -0.0076302353702448313 -0.0052476201835972795 -0.010003960388353425 0.0077683828090911846 0.01033675857989782 0.0015094375495080593 -0.0010647338923521091 0.010505199199264828 -0.0036710924968579466 0.0081340245455660716 -0.0091524238293590882 0.010721503589340532 0.004080806299302517
leaf_weight=17.869000971317291 15.523241117596628 80.757644549012184 14.766904026269911 152.87507648766041 18.088771969079971 17.387530222535133 305.3283769339323 263.65942613780499 147.40247881412506 28.970385625958443 123.20626989006996 28.810308918356895 15.184066012501715 14.32049824297428
leaf_count=74 65 328 68 650 74 71 1250 1075 701 134 576 118 62 64
internal_value=0.000280477 -0.00211028 0.00647234 -0.00813127 7.98217e-05 -0.000465851 -0.000808632 -0.00262688 0.00756363 0.00473641 0.00656839 -0.0012125 -0.000245372 -0.0044582
internal_weight=1244.15 899.96 344.19 188.833 35.9578 711.127 693.74 388.411 314.346 166.944 137.973 307.654 278.843 29.8437
internal_count=5310 3702 1608 798 148 2904 2833 1583 1479 778 644 1255 1137 129
is_linear=0
shrinkage=0.02


Tree=57
num_leaves=15
num_cat=0
split_feature=3 11 17 10 8 7 14 3 10 15 16 15 10 3
split_gain=35.4131 38.3314 11.9025 9.57967 8.45554 7.42452 7.3034 6.86335 9.01296 5.99413 8.23962 5.7685 5.49034 5.18072
threshold=-1.8549865229110509 0.3133928571428572 12.911640454705497 0.76095238095238105 6.2158385093167707 119.83176470588238 111.6203703703704 3.8500602167804101 0.67694497153700206 105.47809915602492 104.70713118727006 108.32197000045171 0.63060428849902539 -2.7184981684981682
decision_type=2 2 2 2 2 2 2 2 2 2 2 2 2 2
left_child=2 -2 6 7 -5 11 -1 8 9 -3 -11 13 -9 -4
right_child=1 3 5 4 -6 -7 -8 12 -10 10 -12 -13 -14 -15
leaf_value=0.010473001598140365 0.0097697353009011598 -0.010286808646799371 -0.0067380853806836604 0.0063711687386992797 -0.0054419203433007102 0.0056363355914446443 -0.0025788608400952309 -0.0048887387031847033 -0.0095859577380809045 0.01242398365874172 -0.0012648292023914012 -0.013163666012079352 0.0057434048726744428 0.0022163354449899822
leaf_weight=23.995383247733116 205.97440002858639 22.178561925888062 220.36880815029144 125.93674144148827 25.696359783411026 15.496660888195036 38.330101817846298 21.441881358623505 57.163686856627464 13.663782820105551 302.26938016712666 52.117133125662804 75.016235128045082 26.791769996285439
leaf_count=100 965 91 921 559 105 64 159 92 237 60 1234 216 330 110
internal_value=0.000108718 0.00237188 -0.00495292 -5.36314e-05 0.00425946 -0.00651846 0.00285072 -0.00141312 -0.00257883 -0.00127173 -0.000488465 -0.00723012 0.00325551 -0.00574274
internal_weight=1226.44 849.341 377.1 643.367 151.633 314.774 62.3255 491.734 395.275 338.112 315.933 299.278 96.4581 247.161
internal_count=5243 3673 1570 2708 664 1311 259 2044 1622 1385 1294 1247 422 1031
is_linear=0
shrinkage=0.02


Tree=58
num_leaves=15
num_cat=0
split_feature=12 12 16 10 4 11 4 4 16 6 2 2 2 7
split_gain=53.504 21.2906 8.31677 6.10493 7.511 6.88099 7.14998 5.75685 8.81845 8.4577 6.48989 6.78407 5.74169 5.48171
threshold=-1.7203174603174602 11.844129554655872 115.52951055391691 0.6419413919413921 0.64583333333333337 0.5064102564102565 0.38750000000000007 0.2678571428571429 108.12553476071743 108.31282431430691 108.63436172591103 103.76171171171173 114.20256410256412 112.00384615384617
decision_type=2 2 2 2 2 2 2 2 2 2 2 2 2 2
left_child=3 2 7 4 5 -1 -7 -2 10 -10 11 -9 -5 -3
right_child=1 13 -4 12 -6 6 -8 8 9 -11 -12 -13 -14 -15
leaf_value=-0.0042314560496282908 -0.0049219408529971864 0.0025952711380023835 -0.0071747869585978043 -0.0033244327880312132 0.0043138761508743186 -0.013644533548488148 -0.0055827693725446345 -0.00061938473467725128 -0.01117987627869268 0.0017118842165300206 0.003201562001139472 0.012385536591582549 0.0077669046381436619 0.017960676060558917
leaf_weight=209.43132451176643 34.18978351354599 14.036174178123472 32.206202134490013 65.96621598303318 22.098035827279091 91.146231114864349 103.31623096764088 19.420195624232292 16.696160137653351 331.56347517669201 160.54971186816692 76.210117042064667 20.347274959087372 40.616324603557587
leaf_count=864 140 70 133 266 89 384 422 88 71 1419 710 345 82 211
internal_value=-0.000388559 0.00309819 0.00206335 -0.00530844 -0.00628094 -0.00690627 -0.0096087 0.00258135 0.00304266 0.00094434 0.00582251 0.009845 -0.000427676 0.0145627
internal_weight=1237.79 725.488 670.836 512.305 425.992 403.894 194.462 638.629 604.44 348.26 256.18 95.6303 86.3135 54.6525
internal_count=5294 3187 2906 2107 1759 1670 806 2773 2633 1490 1143 433 348 281
is_linear=0
shrinkage=0.02


Tree=59
num_leaves=15
num_cat=0
split_feature=12 12 12 18 10 7 4 17 5 5 17 17 11 7
split_gain=42.3428 10.7747 10.2071 5.3822 4.72436 5.69827 4.63659 5.05792 5.47545 4.79449 4.323 7.24998 8.11673 5.98704
threshold=1.8054315476190477 -5.9251400560224079 11.844129554655872 11.986514490067837 0.47140522875816998 104.36038961038962 0.29285714285714287 11.527235898200253 0.52027397260273978 0.6039701257861636 14.563853770301447 14.205549084660708 0.46770833333333339 117.14608739837401
decision_type=2 2 2 2 2 2 2 2 2 2 2 2 2 2
left_child=1 4 6 -3 5 -1 -2 -8 -9 -10 11 13 -13 -5
right_child=2 3 -4 10 -6 -7 7 8 9 -11 -12 12 -14 -15
leaf_value=0.0029684864656265991 -0.0058828013723811953 -0.006959823424725552 0.012685578918145726 0.00060574378602412638 -0.001889216418193461 -0.008849161927579105 -0.0059394837876094262 0.0059296447208051217 -0.0035374808333745599 0.0059224057437992144 0.0041027324321130021 0.0012696119111641647 -0.015812805599146256 -0.0078393020596171769
leaf_weight=15.626351743936537 15.271815717220305 51.310505673289299 54.132437482476234 324.37299680709839 81.248782709240913 169.12939718365669 14.986974865198134 275.67350700497627 51.830076858401299 29.404198348522186 67.250625029206276 17.888904988765717 21.698862016201019 32.39669232070446
leaf_count=66 64 208 280 1321 329 720 67 1258 226 127 274 73 88 131
internal_value=-3.72344e-05 -0.0028309 0.00488277 -0.0011199 -0.0060612 -0.00779776 0.00364398 0.00410805 0.00460619 3.15456e-05 -0.000406197 -0.00121281 -0.00881686 -0.000258862
internal_weight=1222.22 780.923 441.299 514.919 266.005 184.756 387.167 371.895 356.908 81.2343 463.608 396.357 39.5878 356.77
internal_count=5232 3210 2022 2095 1115 786 1742 1678 1611 353 1887 1613 161 1452
is_linear=0
shrinkage=0.02


Tree=60
num_leaves=15
num_cat=0
split_feature=0 11 11 10 3 10 16 6 1 16 3 0 11 10
split_gain=40.7912 21.756 10.0045 7.97312 6.86829 7.55293 6.42504 8.28203 5.16294 8.11077 8.09285 8.71946 9.24473 10.0594
threshold=0.45867486338797819 0.3066239316239317 0.5064102564102565 0.80707196029776684 -6.3140681003584218 0.5064102564102565 109.77632682415948 115.44733194733196 119.1530612244898 115.52951055391691 0.37689393939393945 0.52206359506813771 0.51787994891443179 0.54415584415584417
decision_type=2 2 2 2 2 2 2 2 2 2 2 2 2 2
left_child=2 6 4 8 -1 -6 -2 -8 9 10 11 12 13 -3
right_child=1 3 -4 -5 5 -7 7 -9 -10 -11 -12 -13 -14 -15
leaf_value=-0.0058913094058430995 0.010824881424238984 0.013130965743254831 -0.0085761621432250985 0.0058967753712673857 0.0026389967462660414 -0.0060839247333908117 -0.0062677556499099868 0.010244811015242246 0.0074323990202023365 -0.0078803541800984353 0.0022367061985220918 -0.011224746363970963 -0.0076594304769123525 -0.0025706663467499791
leaf_weight=127.55250091850758 139.03583918511868 24.360706597566605 161.01265695691109 102.39558887481689 130.84083671867847 51.105715736746788 21.517567604780197 17.545397475361824 28.727421566843987 50.032296225428581 275.70201493799686 37.450105205178261 36.10515359044075 33.762051582336426
leaf_count=535 675 100 674 453 539 212 96 78 122 202 1179 153 146 138
internal_value=7.33695e-06 0.00284673 -0.00460035 0.000964886 -0.00242852 9.1687e-05 0.00886919 0.00146989 -0.000123374 -0.000673143 0.000296824 -0.00369806 -0.000291772 0.00452911
internal_weight=1237.15 766.634 470.512 588.535 309.499 181.947 178.099 39.063 486.14 457.412 407.38 131.678 94.2279 58.1228
internal_count=5302 3342 1960 2493 1286 751 849 174 2040 1918 1716 537 384 238
is_linear=0
shrinkage=0.02


Tree=61
num_leaves=15
num_cat=0
split_feature=12 12 10 7 1 17 17 15 4 11 12 15 11 10
split_gain=44.0961 17.8537 9.77215 9.72459 6.70409 8.94664 6.76007 9.84921 5.08903 7.48043 5.74949 5.55229 4.97922 4.57647
threshold=-1.5779160382101554 9.4409214884083408 0.4491379310344828 110.50919117647059 110.51754926108376 14.563853770301447 13.38135960617905 110.27565807179413 0.2678571428571429 0.3816526610644258 8.4923659673659682 109.14702863366234 0.53452380952380962 0.57979626485568769
decision_type=2 2 2 2 2 2 2 2 2 2 2 2 2 2
left_child=2 8 -1 -3 -4 6 -6 -8 -2 10 -10 12 -11 -13
right_child=1 3 4 -5 5 -7 7 -9 9 11 -12 13 -14 -15
leaf_value=-0.0067354363827313345 -0.0051459007285715843 -0.0031636560949043352 -0.005333850073561912 0.014087492512886927 0.0025978963712095511 0.012394601832981397 0.0026084225471683488 -0.012540999173280368 0.0062802812027321102 0.0015745077645644703 -0.0043443280821151 -0.0054513954139369927 0.012007606031234925 0.0008511901819892656
leaf_weight=244.53273373842239 28.829661056399345 13.464361429214476 97.090912833809853 81.959038242697716 97.719097152352333 19.231345236301422 29.512518763542175 31.761879578232765 235.14172194898129 54.524406433105469 18.798099786043167 55.672462940216064 24.027060687541962 187.6317243874073
leaf_count=1029 118 65 393 424 394 78 119 128 1033 229 90 229 101 804
internal_value=0.000525534 0.00379093 -0.003866 0.011617 -0.00124272 0.00107073 -0.00063511 -0.00559805 0.00247065 0.00289302 0.00542509 0.00084283 0.00529335 -0.00067169
internal_weight=1219.9 700.049 519.848 95.4234 275.316 178.225 158.993 61.2744 604.625 575.795 253.94 321.856 78.5515 243.304
internal_count=5234 3093 2141 489 1112 719 641 247 2604 2486 1123 1363 330 1033
is_linear=0
shrinkage=0.02


Tree=62
num_leaves=15
num_cat=0
split_feature=12 12 10 16 1 10 10 3 18 10 7 1 17 14
split_gain=48.3194 13.6654 6.17844 6.24546 11.7132 8.00204 5.59567 7.69108 6.88037 7.6664 7.74663 6.65412 5.55485 5.34641
threshold=-0.55737704918032838 10.825757575757576 0.77951388888888895 110.95532675813702 109.91010101010103 0.28759398496240607 0.78679653679653694 6.0075757575757587 12.7011038093358 0.63245614035087727 113.50786895284753 114.16113914924298 12.034929273922101 115.08054054054055
decision_type=2 2 2 2 2 2 2 2 2 2 2 2 2 2
left_child=2 6 3 4 5 -1 8 -8 9 13 -11 -9 -5 -2
right_child=1 -3 -4 12 -6 -7 7 11 -10 10 -12 -13 -14 -15
leaf_value=0.00098717092578232374 -0.012012620677563706 0.011739558711626238 0.0038378151625085293 0.0010168225037845151 0.0026722995542328371 -0.0084866161834131048 0.010511463690279686 -0.0084092196338706338 0.002947647408017322 0.0077073469130857653 -0.0067417074599478736 0.0060938215093283401 -0.0074956336281480412 0.0013116048277470533
leaf_weight=49.547116234898567 34.591459289193153 70.409619182348251 32.894533678889275 33.189472123980522 108.07773870229721 114.01004703342915 67.332647517323494 17.459805026650429 337.62782397866249 34.220624670386314 19.20353239774704 23.992001533508301 274.64003983139992 16.005362510681152
leaf_count=209 145 367 134 134 440 469 302 79 1476 148 84 110 1135 66
internal_value=-0.000186859 0.00373003 -0.00415606 -0.0046388 -0.00236401 -0.00567253 0.00260902 0.00657493 0.0015695 -0.0028337 0.0023811 -0.000262581 -0.00657626 -0.00805885
internal_weight=1233.2 620.843 612.359 579.464 271.635 163.557 550.433 108.784 441.649 104.021 53.4242 41.4518 307.83 50.5968
internal_count=5298 2777 2521 2387 1118 678 2410 491 1919 443 232 189 1269 211
is_linear=0
shrinkage=0.02


Tree=63
num_leaves=15
num_cat=0
split_feature=3 11 3 16 5 3 9 14 10 17 6 10 0 2
split_gain=26.8135 12.0904 11.7353 9.42975 9.31581 8.23323 6.97401 6.84338 6.0686 5.63785 8.46585 6.63921 8.65061 5.62665
threshold=0.45566778900112237 0.46770833333333339 -6.3140681003584218 108.41036601419677 0.52667140825035574 -9.7453703703703685 0.21111111111111114 105.92820945945947 0.6708333333333335 13.111814922176359 107.67083333333335 0.45889639639639646 0.46211251435132039 113.71869565217393
decision_type=2 2 2 2 2 2 2 2 2 2 2 2 2 2
left_child=1 2 5 7 8 -1 -7 -3 -2 -4 13 -12 -13 -11
right_child=4 3 9 -5 -6 6 -8 -9 -10 10 11 12 -14 -15
leaf_value=0.0045138766451502128 0.002214599760944614 -0.0066864012094137049 0.0056670990391092801 -0.0073411623923304858 0.00047388697448201464 0.0026189128099386996 -0.011162781998747318 0.0070773497575344702 0.0080942484097649061 -0.012882251962713096 0.0086612339522739636 -0.0077258688993276812 0.0046903113149866687 0.0018537403403115999
leaf_weight=21.516332805156708 128.05920386314392 18.69448509812355 98.142665475606918 243.29213714599609 270.71020202338696 16.323332533240318 67.586090669035912 32.623962357640266 165.26615943014622 24.575035512447357 38.362252309918404 36.096889019012451 44.603324860334396 14.22081373631954
leaf_count=90 580 77 416 1011 1126 66 285 134 800 105 157 149 189 60
internal_value=-1.32683e-05 -0.00275288 -0.000286152 -0.00572378 0.00316941 -0.005748 -0.00848525 0.00191495 0.00560747 0.00203016 -0.000335544 0.00234331 -0.000990128 -0.00788574
internal_weight=1220.07 656.037 361.427 294.611 564.036 105.426 83.9094 51.3184 293.325 256.001 157.858 119.062 80.7002 38.7958
internal_count=5245 2739 1517 1222 2506 441 351 211 1380 1076 660 495 338 165
is_linear=0
shrinkage=0.02


Tree=64
num_leaves=15
num_cat=0
split_feature=3 7 8 3 17 11 2 14 17 6 14 15 2 13
split_gain=29.3935 12.4913 12.2501 8.66108 10.6253 9.43075 6.77073 5.55974 4.79678 5.71396 6.99024 4.59666 5.18375 5.07587
threshold=0.45566778900112237 119.83176470588238 -7.4619380619380609 -6.3140681003584218 16.146673667477987 0.36939571150097467 108.21694677871149 105.17857142857144 13.161693204407284 106.25779656076948 113.43167701863355 113.11662692120413 115.00615384615385 114.93541666666668
decision_type=2 2 2 2 2 2 2 2 2 2 2 2 2 2
left_child=1 3 -2 4 7 8 -4 -1 -5 -10 -11 12 -7 -14
right_child=2 -3 6 5 -6 11 -8 -9 9 10 -12 -13 13 -15
leaf_value=0.0020012642991303641 0.011621402497384008 0.0080344791966850144 0.0049271243039702931 0.0063042512957001721 0.0060211190339194707 -0.0049669042317616622 0.00020227188546138159 -0.010204590123968568 -0.0086743007521540259 0.0073464206778520889 -0.0049750913236839122 -0.011945392855489035 0.0045913322262960896 -0.0055098522463668522
leaf_weight=14.904561221599577 54.840051516890526 33.288761928677559 192.00486151874065 54.997573435306549 17.585745260119438 209.35621090233326 316.94316750764847 146.87230542302132 22.494501173496246 37.359264194965363 28.006776139140129 23.757774949073792 50.668721735477448 26.087504461407661
leaf_count=61 289 143 856 238 74 852 1361 633 98 160 115 96 206 106
internal_value=-0.000301667 -0.00313781 0.00304369 -0.00378463 -0.00745254 -0.00226593 0.00201535 -0.00905378 0.00193917 -0.000985546 0.00208875 -0.0042046 -0.0033677 0.00103119
internal_weight=1229.17 665.38 563.788 632.091 179.363 452.728 508.948 161.777 142.858 87.8605 65.366 309.87 286.112 76.7562
internal_count=5288 2782 2506 2639 768 1871 2217 694 611 373 275 1260 1164 312
is_linear=0
shrinkage=0.02


Tree=65
num_leaves=15
num_cat=0
split_feature=12 12 9 0 18 13 3 11 3 0 13 11 0 17
split_gain=35.1668 11.7068 7.85546 8.7691 5.82606 5.73212 6.13086 5.38636 7.11389 6.17978 6.1753 5.94425 5.28592 6.67228
threshold=-1.6792497625830958 11.844129554655872 0.35416666666666669 0.38266583229036299 14.502443398107236 105.80909090909093 -3.490384615384615 0.45889639639639646 1.002777777777778 0.58280590717299596 112.18545751633988 0.3816526610644258 0.42340286831812263 12.503021028435748
decision_type=2 2 2 2 2 2 2 2 2 2 2 2 2 2
left_child=2 12 -1 -4 5 -5 -7 11 10 -10 -9 -8 -2 -14
right_child=1 -3 3 4 -6 6 7 8 9 -11 -12 -13 13 -15
leaf_value=0.0047021803447611452 -0.0020716156455806334 0.011792403671892515 -0.0076496409884259341 -0.0096136874679319303 0.0056575382446493773 0.0089349314415237309 -0.0047341927316352575 -0.0020420224397048295 0.008686904101784694 -0.0039669282230776941 -0.011537324822224285 0.009909837258461493 -0.00068279450893291591 0.0042953620405605311
leaf_weight=36.654248476028442 91.484865769743919 52.039633214473724 196.5860268175602 40.378147691488266 29.478700399398804 14.930375471711157 15.380591124296187 55.433225765824318 22.415836870670319 30.751306056976318 54.742506265640259 20.871070176362991 143.08559969067574 415.6318433880806
leaf_count=150 376 277 840 164 119 61 62 224 90 124 221 84 623 1835
internal_value=0.000173617 0.00308015 -0.00376133 -0.00444807 -0.00214097 -0.00313433 -0.00172358 -0.00271975 -0.00425524 0.00165619 -0.00705595 0.00387602 0.00229818 0.00302573
internal_weight=1219.86 702.242 517.622 480.968 284.382 254.903 214.525 199.595 163.343 53.1671 110.176 36.2517 650.202 558.717
internal_count=5250 3111 2139 1989 1149 1030 866 805 659 214 445 146 2834 2458
is_linear=0
shrinkage=0.02


Tree=66
num_leaves=15
num_cat=0
split_feature=0 11 0 7 18 0 2 13 14 8 2 14 11 8
split_gain=28.9954 24.2278 10.1437 8.1315 6.22986 5.68893 8.0659 6.04285 7.39894 5.65092 5.4107 5.44864 5.61763 5.44331
threshold=0.41223155929038285 0.38013136288998362 0.6540835707502376 120.39166666666669 12.753619142453418 0.5187529301453353 112.22020202020204 115.25462962962963 114.41421568627452 1.752777777777778 112.8574175824176 109.96428571428574 0.53708791208791218 5.1684397163120579
decision_type=2 2 2 2 2 2 2 2 2 2 2 2 2 2
left_child=3 5 4 -1 10 7 -7 8 -2 -4 11 -3 -13 -14
right_child=1 2 9 -5 -6 6 -8 -9 -10 -11 -12 12 13 -15
leaf_value=-0.0056826799174773991 0.0035736557990006337 -0.010923800355307069 0.0090197450751319883 0.0077826652107767262 -0.00049113865377220045 0.010794323543188378 0.0016501080161409215 0.012424361791761585 -0.0083178022968054873 0.00059141135685428963 -0.010229682909234704 0.0068705444041427047 0.0024065578964214442 -0.01122463694321265
leaf_weight=333.52047665417194 73.033294677734375 16.426814377307892 50.876886874437332 14.705928176641462 300.29225876927376 139.0565090328455 55.481334820389748 15.317236945033072 23.610734671354294 75.675967961549759 54.166422218084335 27.68787045776844 22.228522539138794 16.841219574213028
leaf_count=1401 326 68 239 61 1242 680 257 68 99 319 219 115 91 68
internal_value=-0.000175525 0.00177631 -0.000689742 -0.00501191 -0.00213334 0.00625398 0.00829313 0.00250779 0.000402244 0.00419381 -0.00558033 -0.0021445 0.000626424 -0.0040761
internal_weight=1218.92 870.695 564.196 348.226 437.643 306.499 194.538 111.961 96.644 126.553 137.351 83.1844 66.7576 39.0697
internal_count=5253 3791 2361 1462 1803 1430 937 493 425 558 561 342 274 159
is_linear=0
shrinkage=0.02


Tree=67
num_leaves=15
num_cat=0
split_feature=12 12 3 3 4 5 3 12 8 17 14 4 18 8
split_gain=37.267 12.3697 8.06154 7.47139 6.68127 6.08746 5.03419 4.94328 4.4054 6.0235 8.15107 4.19482 4.13295 6.47772
threshold=-2.6954648351082979 3.3047162859248345 6.3402409146590459 -6.3140681003584218 0.35416666666666669 0.4690688775510205 -1.8549865229110509 -3.1078414771810996 -7.1961538461538455 14.371923340836359 104.34313725490198 0.38750000000000007 12.357256825984404 -0.20529542920847269
decision_type=2 2 2 2 2 2 2 2 2 2 2 2 2 2
left_child=3 2 12 5 6 -1 -3 -5 9 10 -6 -7 13 -2
right_child=1 4 -4 7 8 11 -8 -9 -10 -11 -12 -13 -14 -15
leaf_value=-0.0016603165757892134 -0.010907518465073946 -0.010073880291443375 -0.011620417072052847 -0.001806773274365022 -0.00073082700274217875 -0.012671549003965979 0.0037576408722900267 -0.010809296261709589 0.004518810777221439 -0.00088610749572737768 0.015287657163472338 -0.0029908818647777086 0.0018584591783490437 0.00076696889471489834
leaf_weight=44.80794769525528 23.331779450178146 14.805311769247053 16.828442707657814 266.41649585962296 15.306312784552572 84.311617523431778 18.383995622396469 22.332326620817184 234.11926989257336 16.484016835689545 58.932026207447052 27.069359660148621 323.93186417222023 55.997024968266487
leaf_count=186 95 61 69 1080 77 374 82 90 1098 83 304 119 1335 229
internal_value=-7.19639e-05 0.00256383 0.000224434 -0.00465878 0.00526782 -0.00812915 -0.00292353 -0.00267518 0.00613636 0.00985656 0.0121473 -0.0105484 0.000854993 -0.00310981
internal_weight=1223.06 778.12 420.089 444.938 358.031 156.189 33.1893 288.749 324.842 90.7224 74.2383 111.381 403.261 79.3288
internal_count=5282 3433 1728 1849 1705 679 143 1170 1562 464 381 493 1659 324
is_linear=0
shrinkage=0.02


Tree=68
num_leaves=15
num_cat=0
split_feature=12 12 12 6 14 17 4 16 1 15 6 18 16 17
split_gain=37.8531 8.79293 6.89721 5.78746 5.34172 5.99852 4.81895 9.96266 7.80635 7.10414 6.99186 6.04177 5.455 4.49517
threshold=-1.5779160382101554 -14.813430012610338 9.4409214884083408 102.36441102756893 120.33908045977013 13.773868321147232 0.31666666666666671 108.12553476071743 115.30993431855502 105.62094309046306 108.70659971305597 13.888989048964186 107.71768839023676 13.989212954963557
decision_type=2 2 2 2 2 2 2 2 2 2 2 2 2 2
left_child=1 -1 6 -4 -3 -6 12 8 9 -8 -9 -10 13 -2
right_child=2 4 3 -5 5 -7 7 10 11 -11 -12 -13 -14 -15
leaf_value=-0.014613883855612422 -0.010014018609255241 -0.0039649027188980446 -0.0035808429646742102 0.009894735494631355 -0.0027260890100822845 0.0093032055094340281 -0.00049669035798787734 -0.0091393321905743497 -0.0089626629815916219 0.010444970687390207 0.0017977578229358912 0.0066102200325185261 0.0034755212252737763 0.002173866371492156
leaf_weight=24.167897000908852 31.789068281650543 435.46218565106392 12.26830057799816 84.078686773777008 36.744263216853142 22.962740436196327 28.348022893071175 20.307742834091187 17.256185308098797 128.15584303438663 309.19106088578701 13.333576008677481 38.246230363845825 15.752823233604429
leaf_count=107 132 1799 62 444 150 95 123 87 79 578 1323 61 158 65
internal_value=0.000204231 -0.0038645 0.00323433 0.00808682 -0.00319901 0.00226165 0.00239802 0.00312409 0.0067465 0.00850905 0.000997144 -0.00219967 -0.00190542 -0.00615304
internal_weight=1218.06 519.337 698.728 96.347 495.169 59.707 602.381 516.592 187.094 156.504 329.499 30.5898 85.7881 47.5419
internal_count=5263 2151 3112 506 2044 245 2606 2251 841 701 1410 140 355 197
is_linear=0
shrinkage=0.02


Tree=69
num_leaves=15
num_cat=0
split_feature=3 8 9 3 15 15 17 10 7 13 7 17 11 17
split_gain=28.139 14.6834 12.0413 9.39142 8.09119 7.60232 6.92062 6.63961 6.34851 5.49604 7.00526 6.677 6.09606 6.15586
threshold=0.70638945233265737 -5.5590277777777768 0.47222222222222227 -6.3140681003584218 113.40240297039196 105.3362327347846 14.542971933396016 0.71240601503759404 108.14373626373629 114.50806451612904 113.78055555555558 12.632843142396434 0.36939571150097467 12.456746493696272
decision_type=2 2 2 2 2 2 2 2 2 2 2 2 2 2
left_child=2 -2 3 -1 5 -4 9 -7 -5 -3 12 -12 -11 -14
right_child=1 6 4 8 -6 7 -8 -9 -10 10 11 -13 13 -15
leaf_value=-0.0051300632848203832 0.011512492285805588 0.0028765839155414962 -0.0079445860379389749 -0.0057291464912787573 -0.01431303739473041 -0.0027020581029005347 0.0096392935253527771 0.0092824063612194103 0.0045442739795304686 0.0049669308058236036 -0.0031196561587381482 0.011135232042613009 0.0011048444823584861 -0.011052607857286956
leaf_weight=71.65061342716217 74.290400043129921 291.28630210459232 117.01864990592003 23.6429463326931 27.627554774284363 258.18379473686218 39.886920154094696 15.029629439115523 165.18414521217346 15.996768191456793 22.695349797606468 21.513899639248848 22.57051981985569 50.640045896172523
leaf_count=298 395 1266 499 97 112 1067 175 62 712 73 100 97 94 215
internal_value=0.000147978 0.003542 -0.00255446 0.000813783 -0.0046389 -0.00378158 0.00215846 -0.00188781 0.00314334 0.0013519 -0.00196059 0.00424389 -0.00509745 -0.0074735
internal_weight=1217.22 538.88 678.337 260.478 417.86 390.232 464.59 273.213 188.827 424.703 133.417 44.2092 89.2073 73.2106
internal_count=5262 2415 2847 1107 1740 1628 2020 1129 809 1845 579 197 382 309
is_linear=0
shrinkage=0.02


Tree=70
num_leaves=15
num_cat=0
split_feature=3 11 10 4 12 4 12 17 11 17 17 11 12 1
split_gain=29.734 15.4861 7.2581 6.6738 5.99589 5.5388 8.03895 5.39017 6.05221 5.35829 8.95666 4.60449 4.37286 6.26422
threshold=-6.1314285714285708 0.32392686804451515 0.78679653679653694 0.64583333333333337 0.16294972122909221 0.64583333333333337 3.6024896883105844 12.932369144429893 0.18834459459459463 11.231885360338943 11.683047580357687 0.52565789473684221 -2.0656631187428984 115.56696428571429
decision_type=2 2 2 2 2 2 2 2 2 2 2 2 2 2
left_child=-1 3 9 4 -2 -4 11 8 -6 -3 -11 -7 -12 -14
right_child=1 2 5 -5 7 6 -8 -9 -10 10 12 -13 13 -15
leaf_value=-0.0070482379939557473 0.010264588350632844 -0.010950720382788505 0.0090349789943447636 0.010751987159870849 -0.0031417446286441091 0.0021131276220072949 0.0065676522663880611 -0.0013273693948006858 0.010196781555712587 0.01071288272033996 -0.002872886608330418 -0.011744471332171671 0.0019968045733637489 -0.0042022377154751272
leaf_weight=191.60726292431355 36.397883072495461 15.285458758473395 51.891451105475426 69.734819933772087 16.879695802927017 14.114703312516211 36.636832043528557 94.71251592040062 39.058456718921661 22.310103058815002 270.28455811738968 18.194523990154266 264.03487913310528 81.119288772344589
leaf_count=825 149 63 226 351 81 60 175 442 185 92 1096 75 1121 346
internal_value=8.24944e-05 0.00143578 1.32734e-05 0.00564069 0.0035048 0.00441405 0.000560417 0.00159433 0.00624427 -0.0008284 -0.00050249 -0.00621872 -0.000992112 0.000500683
internal_weight=1222.26 1030.66 773.872 256.783 187.049 120.838 68.9461 150.651 55.9382 653.034 637.749 32.3092 615.439 345.154
internal_count=5287 4462 3254 1208 857 536 310 708 266 2718 2655 135 2563 1467
is_linear=0
shrinkage=0.02


Tree=71
num_leaves=15
num_cat=0
split_feature=12 10 6 11 10 0 17 0 8 17 17 11 1 4
split_gain=37.8822 9.77923 8.41069 7.95994 8.25678 7.62893 6.85863 9.13095 6.90238 6.6217 9.11172 6.99206 6.85109 5.51693
threshold=3.1602469135802473 0.43875000000000003 111.44782214156082 0.5064102564102565 0.23606811145510839 0.44033898305084751 12.47071272297646 0.66894977168949776 -7.9714052287581696 14.655611597853833 13.174518654280632 0.39736842105263165 110.21846590909092 0.31666666666666671
decision_type=2 2 2 2 2 2 2 2 2 2 2 2 2 2
left_child=1 3 -3 4 -1 -2 7 8 -7 10 11 -4 -11 -5
right_child=5 2 9 13 -6 6 -8 -9 -10 12 -12 -13 -14 -15
leaf_value=0.003896086887042943 -0.0031641730440972828 0.0024898204236520915 0.0070970384985413384 -0.01355075040273792 -0.0054291521168068659 0.0067204727279061554 0.0074224597872960341 0.0099001146956617294 -0.0085346519808790992 -0.0042404327958623514 -0.0070281472357554839 -0.0024508142072623444 0.01085964479625612 -0.0037534052368296202
leaf_weight=47.188630029559135 38.474956378340721 170.91657911241055 33.326540067791939 62.903760984539986 141.85358329117298 12.378311529755591 254.95824205875397 21.720910280942917 36.4537752866745 17.585578173398972 163.82398663461208 149.20268265902996 22.599487155675888 42.43468964099884
leaf_count=198 165 707 138 276 592 64 1238 106 168 72 669 606 93 178
internal_value=-0.000428508 -0.00273406 -0.00115652 -0.00565216 -0.00306098 0.00493109 0.00592133 0.000364473 -0.00440264 -0.00278003 -0.00367846 -0.000564804 0.00451362 -0.00995291
internal_weight=1215.82 851.836 557.455 294.381 189.042 363.986 325.511 70.553 48.8321 386.538 346.353 182.529 40.1851 105.338
internal_count=5270 3529 2285 1244 790 1741 1576 338 232 1578 1413 744 165 454
is_linear=0
shrinkage=0.02


Tree=72
num_leaves=15
num_cat=0
split_feature=12 3 0 18 17 8 8 14 8 12 6 12 8 5
split_gain=29.0872 10.443 9.67019 8.0804 7.75558 8.82244 7.25043 6.29218 8.31536 5.87721 5.3752 6.69857 6.58427 6.22752
threshold=3.3047162859248345 -6.3140681003584218 0.43792808219178087 12.357256825984404 16.146673667477987 -1.3074947589098531 -5.5590277777777768 119.63961038961041 5.8926065162907273 -3.9656725860639637 113.08179993308799 -2.0260064412238323 1.752777777777778 0.66115363586659381
decision_type=2 2 2 2 2 2 2 2 2 2 2 2 2 2
left_child=1 4 -2 -3 5 9 -4 8 10 -1 11 13 -13 -5
right_child=2 3 6 7 -6 -7 -8 -9 -10 -11 -12 12 -14 -15
leaf_value=0.0046177611911052199 -0.0045648669423398267 -0.0050605525253199814 0.010044909419381099 -0.0039692025380731553 0.0057706820136886831 -0.010669761559938911 0.0036253703629275896 0.0058761636325788992 -0.006258993356252014 -0.0069289895479363039 -0.0021219647020099216 0.002479288111789373 0.011850280991539362 0.0080562631021927587
leaf_weight=31.199998512864113 34.839905247092247 132.3050334751606 112.30686511099339 79.940241351723671 16.502320483326912 106.53680218756199 201.00196121633053 66.980815678834915 77.333269879221916 29.536646515130997 160.94957776367664 118.989751547575 36.999413162469864 16.73913885653019
leaf_count=130 150 539 584 324 70 476 940 273 315 119 657 496 155 68
internal_value=8.87811e-05 -0.00185931 0.00493647 -0.000713754 -0.006029 -0.00732679 0.00604812 0.000352815 -0.000452383 -0.00109743 0.000695056 0.00249585 0.00500103 -0.00159333
internal_weight=1222.16 874.013 348.149 690.237 183.776 167.273 313.309 557.932 490.951 60.7366 413.618 252.669 155.989 96.6794
internal_count=5296 3622 1674 2827 795 725 1524 2288 2015 249 1700 1043 651 392
is_linear=0
shrinkage=0.02


Tree=73
num_leaves=15
num_cat=0
split_feature=12 10 12 5 10 6 1 2 8 11 1 14 11 12
split_gain=25.8906 12.7102 7.65201 6.84662 5.63143 6.03576 7.39419 5.9846 5.54632 5.48912 5.17909 6.69232 5.14463 5.12875
threshold=3.1602469135802473 0.44281045751633991 -10.051075268817202 0.5187529301453353 0.6708333333333335 103.18298109010011 113.94594155844158 112.58786764705884 0.26823725055432374 0.43875000000000003 116.10660173160174 110.17914438502676 0.41522988505747133 2.6444675020618837
decision_type=2 2 2 2 2 2 2 2 2 2 2 2 2 2
left_child=1 9 -3 4 5 -2 -7 -6 -5 12 11 -8 -1 -4
right_child=3 2 13 8 7 6 10 -9 -10 -11 -12 -13 -14 -15
leaf_value=-0.0038278262609319565 -0.006598591648979195 -0.011352272281538425 0.00062622611706091686 -0.0098886793611762096 0.010122342873928348 0.0077538747773941664 0.0024876263351963691 -0.0006485988931885521 0.0024440308002337792 -0.0079964194927026697 0.0044841088913110116 -0.015255728341455261 0.0071222442019220778 -0.0078703313348908246
leaf_weight=124.01788748800755 19.442878559231758 19.104215949773788 515.35000401735306 17.705670684576035 117.36702387034893 84.028523743152618 13.885659113526346 24.122079625725746 36.809308484196663 154.12937791645527 25.097087040543556 12.935160458087919 15.113738805055617 25.061111092567444
leaf_count=515 92 79 2109 80 598 391 66 119 165 664 119 60 64 106
internal_value=-0.000225511 -0.00210712 -0.000326602 0.00430636 0.00548931 0.00272682 0.0042473 0.00832657 -0.00205572 -0.00544177 -0.00161065 -0.00712218 -0.00243252 0.000163667
internal_weight=1204.17 852.776 559.515 351.393 296.878 155.389 135.946 141.489 54.515 293.261 51.9179 26.8208 139.132 540.411
internal_count=5227 3537 2294 1690 1445 728 636 717 245 1243 245 126 579 2215
is_linear=0
shrinkage=0.02


Tree=74
num_leaves=15
num_cat=0
split_feature=3 11 12 15 18 12 13 12 7 2 5 10 10 10
split_gain=26.6162 15.1495 9.38691 8.70589 9.65338 8.01702 7.57608 6.2613 6.19807 4.90805 5.79307 5.48408 4.83123 8.47404
threshold=-5.3710073710073702 0.46291208791208799 3.5423530673530679 115.89791868947593 13.426137087359757 11.844129554655872 104.98387096774195 0.98864400048875856 105.91199226305611 116.229020979021 0.52223320158102771 0.23205128205128209 0.46770833333333339 0.5064102564102565
decision_type=2 2 2 2 2 2 2 2 2 2 2 2 2 2
left_child=9 5 3 4 6 -2 -3 8 -6 11 -11 -1 -8 -14
right_child=1 2 -4 -5 7 -7 12 -9 -10 10 -12 -13 13 -15
leaf_value=-0.0011594306196372234 0.0026873461849651536 0.0052991373250039402 0.0053357333374741949 0.0074695697210630241 -0.0039037794802660127 0.011011987315921939 -0.013109084545771241 -0.0090786264181961594 0.004872416480496862 0.0020317559051873852 -0.0075259311605561791 -0.011601232374370276 0.0063185932123841406 -0.0069321812290942574
leaf_weight=27.260292574763298 488.24222564697266 18.060216173529625 66.191143348813057 27.476863920688629 43.523934960365295 47.143339246511459 40.40788608789444 18.684516593813896 92.943521767854691 46.296114847064018 46.949383825063705 87.217775627970695 18.229437828063965 143.01144486665726
leaf_count=117 2159 74 306 112 177 263 166 78 378 194 210 376 74 581
internal_value=-0.000124424 0.00123163 -0.00138767 -0.0025457 -0.00336847 0.00351548 -0.0060181 0.000454393 0.00203435 -0.00655306 -0.00291867 -0.00926734 -0.0071354 -0.0052891
internal_weight=1211.64 1003.91 468.529 402.338 374.861 535.386 219.709 155.152 136.467 207.724 93.2455 114.478 201.649 161.241
internal_count=5265 4368 1946 1640 1528 2422 895 633 555 897 404 493 821 655
is_linear=0
shrinkage=0.02


Tree=75
num_leaves=15
num_cat=0
split_feature=12 12 0 12 14 18 17 15 12 11 11 14 6 15
split_gain=40.1527 8.43669 8.8638 6.36655 8.08808 6.31286 6.09531 4.32041 4.28614 5.66379 4.91675 4.18305 5.80281 4.17076
threshold=-1.5779160382101554 3.5423530673530679 0.3943381180223286 -14.472344652344651 119.96725571725572 13.114417102056214 15.178179887656629 105.62094309046306 -6.029831604084321 0.59417229729729748 0.46049896049896061 109.29857397504458 111.92422502870265 109.14702863366234
decision_type=2 2 2 2 2 2 2 2 2 2 2 2 2 2
left_child=3 13 -3 -1 5 6 8 -4 10 -10 -5 -9 -13 -2
right_child=1 2 7 4 -6 -7 -8 11 9 -11 -12 12 -14 -15
leaf_value=-0.012563826793646982 0.0037161613022445978 -0.0069126223535711439 -0.0028335556483973495 -0.0028515040873360199 0.0026737894142519108 -0.0024767025654808678 0.0030252401999815459 0.0097872508261446205 -0.0085193796818336231 0.0017019567842771731 -0.015556311969608067 0.00034932349713791169 0.0076312730823984596 -0.00070266791677811623
leaf_weight=30.289575412869453 130.4782794713974 18.026434227824211 17.317462101578712 19.105402559041977 67.188494071364403 247.05656515061855 17.599484637379646 113.20375522971153 64.684039235115051 29.36421799659729 48.981975480914116 74.983234658837318 101.87508264183998 227.95240826904774
leaf_count=136 541 75 83 82 276 1022 75 570 262 119 210 368 488 944
internal_value=-0.000108934 0.00307443 0.00538129 -0.00425101 -0.0036205 -0.00463088 -0.00744475 0.00620138 -0.00863775 -0.00540321 -0.0124303 0.00677967 0.00463841 0.000934899
internal_weight=1208.11 683.837 325.406 524.27 493.98 426.792 179.735 307.38 162.136 94.0483 68.0874 290.062 176.858 358.431
internal_count=5251 3069 1584 2182 2046 1770 748 1509 673 381 292 1426 856 1485
is_linear=0
shrinkage=0.02


Tree=76
num_leaves=15
num_cat=0
split_feature=12 12 15 17 17 13 7 16 10 2 12 12 17 3
split_gain=24.1573 8.93265 8.09603 7.91659 10.5693 7.33761 6.21806 5.49241 7.36028 6.29489 5.12442 5.79886 5.10299 4.77384
threshold=-1.2763347763347761 10.825757575757576 109.5490859785168 14.563853770301447 13.371511550509647 112.34807692307693 111.25681003584229 113.8710030874458 0.51564027370478993 103.6107994389902 0.42345313574211296 2.6444675020618837 15.374277045144742 -0.45393939393939381
decision_type=2 2 2 2 2 2 2 2 2 2 2 2 2 2
left_child=2 5 12 4 -4 7 -3 8 10 -10 -2 -12 -1 -7
right_child=1 6 3 -5 -6 13 -8 -9 9 -11 11 -13 -14 -15
leaf_value=-0.0053128245648996208 0.0059082189252224306 -0.0027365757959697222 0.0028476023419156059 0.012336060161387044 -0.0076741466115311839 0.0054853371656295958 0.012266075274890079 -0.0056942142449073353 -0.0023425606947866297 0.0077685901514201565 -0.010299729431748924 0.0017060180978236853 0.001729177959987567 -0.0014670780306911321
leaf_weight=316.39932908117771 30.414184391498566 11.575713917613028 108.37179650366306 15.939817845821379 52.637062504887581 42.474705964326859 54.859799683094025 17.486122578382492 25.695562124252319 200.81084008514881 23.486432790756226 34.273386731743813 44.790571838617325 230.68212375044823
leaf_count=1331 124 60 440 65 214 182 307 72 118 901 96 150 190 1018
internal_value=0.000413761 0.00293351 -0.0027297 0.000763058 -0.000719705 0.00212412 0.00964344 0.00409811 0.0047228 0.00659573 -0.000184243 -0.00360743 -0.00442787 -0.000306839
internal_weight=1209.9 671.759 538.139 176.949 161.009 605.323 66.4355 332.167 314.68 226.506 88.174 57.7598 361.19 273.157
internal_count=5268 3028 2240 719 654 2661 367 1461 1389 1019 370 246 1521 1200
is_linear=0
shrinkage=0.02


Tree=77
num_leaves=15
num_cat=0
split_feature=12 3 4 5 11 0 8 8 5 2 10 10 9 9
split_gain=24.8336 9.5471 7.03899 5.99218 5.58837 5.32262 4.56092 6.63766 6.5588 4.55935 3.9828 12.4346 3.95445 5.46375
threshold=1.1455104194823085 -6.3140681003584218 0.31666666666666671 0.44208407871198574 0.43534002229654406 0.64956140350877212 0.091750841750841763 -1.4364672364672362 0.4529775943396227 110.38653084323714 0.6708333333333335 0.62910052910052927 0.61250000000000016 0.5277777777777779
decision_type=2 2 2 2 2 2 2 2 2 2 2 2 2 2
left_child=1 3 9 -1 6 -6 7 10 -9 -2 11 -4 13 -7
right_child=2 -3 4 -5 5 12 -8 8 -10 -11 -12 -13 -14 -15
leaf_value=-0.00089773175001545559 0.0046384969751384689 -0.0011593551153472085 0.006748881385730137 -0.0088678237757000601 -0.0029173005079878543 0.0053922516332567706 0.011994172708948163 -0.010200206261267577 0.0036257166703007439 -0.0072628866203958021 0.0095346515757928837 -0.0081699022150245638 0.010571737472815413 -0.0079138145656224498
leaf_weight=55.61752538383007 15.088588759303091 560.9838142991066 99.560008332133293 120.93258020281792 70.34218966960907 30.801708087325096 37.429176315665245 17.601727977395058 30.517441943287849 34.158087953925133 80.83437916636467 23.891082912683487 23.025317683815956 13.885477274656294
leaf_count=228 65 2288 467 545 304 144 170 81 139 144 430 116 102 62
internal_value=-0.000166703 -0.00246095 0.00336839 -0.00645093 0.00419332 0.000839372 0.00574956 0.00460854 -0.00191581 -0.00352501 0.0061544 0.00365607 0.00467419 0.000877402
internal_weight=1214.67 737.534 477.135 176.55 427.889 138.055 289.834 252.405 48.1192 49.2467 204.285 123.451 67.7125 44.6872
internal_count=5285 3061 2224 773 2015 612 1403 1233 220 209 1013 583 308 206
is_linear=0
shrinkage=0.02


Tree=78
num_leaves=15
num_cat=0
split_feature=12 15 4 16 6 9 4 8 8 6 15 12 18 16
split_gain=23.3839 10.1737 6.14383 7.64888 13.9957 6.04299 5.32347 5.30843 6.45229 4.78307 4.53558 4.09478 5.40355 6.64185
threshold=3.5423530673530679 105.3362327347846 0.29285714285714287 108.41036601419677 106.92718275008839 0.23611111111111113 0.38750000000000007 -5.5590277777777768 -0.23685583822570114 103.18298109010011 102.26295302950619 0.83386988598256206 13.371852928904685 109.35874017968987
decision_type=2 2 2 2 2 2 2 2 2 2 2 2 2 2
left_child=1 5 -3 4 -4 -1 -2 9 -9 -8 -7 12 -5 -14
right_child=6 2 3 11 -6 10 7 8 -10 -11 -12 -13 13 -15
leaf_value=0.0045850910738399657 -0.0028358760351121799 -0.0056083323557292166 -0.0044769414176796356 -0.0016760507245351087 0.00917771978966434 -0.0009598971202070002 7.822490675799485e-05 0.00036562734116176528 0.0080578251368768183 0.010722088189564152 -0.0084929492061160301 -0.0042522059162164822 -0.0077583281342068827 0.0046416820206469809
leaf_weight=17.949621796607971 30.297780930995941 72.88666670024395 41.613549292087555 238.76591098308563 83.947553977370262 43.908583074808121 20.449685916304588 114.96795831620693 65.786436393857002 94.002946585416794 128.02637287974358 102.03767241537571 15.202610358595846 130.91836373507977
leaf_count=73 132 309 172 978 350 190 105 554 306 494 545 426 62 537
internal_value=0.000238377 -0.00146574 -0.00031682 0.000353191 0.00465414 -0.00549816 0.00477348 0.00558867 0.00330678 0.00890319 -0.00665066 -0.000791908 0.000168221 0.00313756
internal_weight=1200.76 875.257 685.372 612.486 125.561 189.885 325.505 295.207 180.754 114.453 171.935 486.925 384.887 146.121
internal_count=5233 3642 2834 2525 522 808 1591 1459 860 599 735 2003 1577 599
is_linear=0
shrinkage=0.02


Tree=79
num_leaves=15
num_cat=0
split_feature=12 4 15 16 10 17 4 9 14 6 17 4 16 6
split_gain=24.8323 6.78081 5.90641 6.49764 7.87282 8.61949 7.91915 7.05325 7.76485 10.0601 8.88061 4.7025 4.69306 8.7389
threshold=1.8054315476190477 0.29285714285714287 105.3362327347846 108.0449008792631 0.77951388888888895 11.982782361098371 0.64583333333333337 0.41428571428571431 119.96725571725572 119.81558441558442 15.130204235787668 0.31666666666666671 108.17913038300399 109.86775956284154
decision_type=2 2 2 2 2 2 2 2 2 2 2 2 2 2
left_child=2 -2 -1 11 5 -5 -6 -7 10 -10 -9 -4 -3 -14
right_child=1 12 3 4 6 7 -8 8 9 -11 -12 -13 13 -15
leaf_value=-0.0048738474046410582 -0.0071863392516486246 0.0066174105512160856 -0.0027371628055824922 0.0048511081023890424 0.013809036931449857 0.0018281915584629025 -0.0022773552635784555 -0.0069811977441121267 0.009648470254795153 -0.0062415129429604019 0.0071697918299367279 0.0065895249343013032 -0.0080288663834713232 0.0039192896658871148
leaf_weight=184.81248377263546 15.933505445718763 222.87899482250214 27.608881920576096 52.017028868198395 20.120202362537384 78.13296777009964 21.516390398144722 260.30533823370934 27.703509300947189 26.373115658760071 15.059906035661696 66.981061384081841 23.697477370500565 170.58815306425095
leaf_count=787 67 1097 113 211 83 322 89 1071 115 109 64 277 107 781
internal_value=0.000329631 0.00414361 -0.00179929 -0.000812988 -0.00172555 -0.00249686 0.00614321 -0.00348208 -0.00475 0.00202657 -0.00609321 0.00386651 0.00465634 0.00229707
internal_weight=1213.73 433.098 780.631 595.818 501.228 459.592 41.6366 407.575 329.442 54.0766 275.365 94.5899 417.165 194.286
internal_count=5293 2052 3241 2454 2064 1892 172 1681 1359 224 1135 390 1985 888
is_linear=0
shrinkage=0.02


Tree=80
num_leaves=15
num_cat=0
split_feature=3 8 6 8 2 11 5 5 9 10 9 6 6 13
split_gain=19.3243 12.0554 5.62265 4.71951 5.77254 7.52805 5.29577 4.89141 4.78392 5.81368 5.12511 7.07123 8.03859 4.86557
threshold=-6.3140681003584218 -7.4619380619380609 107.34902177925436 6.1467434647762529 112.58786764705884 0.62331081081081086 0.66115363586659381 0.64494906621392201 0.41428571428571431 0.7593103448275863 0.5277777777777779 116.83578431372551 113.8732142857143 112.01351351351353
decision_type=2 2 2 2 2 2 2 2 2 2 2 2 2 2
left_child=2 -2 -1 4 -3 7 -5 8 -6 10 13 12 -12 -10
right_child=1 3 -4 6 5 -7 -8 -9 9 -11 11 -13 -14 -15
leaf_value=0.00092044114298660772 0.0075516689131947604 0.0022558303815752873 -0.0075459790802240205 0.005656568776482903 0.00048194482344183598 0.0082979890875089762 -0.005016851290616583 0.0048855314724859066 -0.0012443599884040448 0.0047556622540247872 -0.00094617438168032833 0.0069594975914067034 -0.01481012861031759 -0.01450030788758987
leaf_weight=38.295821487903595 100.02477699518204 506.13021886348724 146.51012621819973 18.187917917966843 93.163003295660019 25.382671311497688 101.26879473030567 30.214208140969276 16.142973721027374 17.299086004495621 47.239115923643112 17.299006998538971 21.555423438549042 39.002521470189095
leaf_count=160 515 2223 649 74 400 104 413 123 66 76 194 70 88 161
internal_value=5.42635e-05 0.00112706 -0.00581352 0.000401624 0.000951394 -0.00119877 -0.0032298 -0.00218354 -0.00311074 -0.00517212 -0.00650911 -0.00315639 -0.00599931 -0.0110459
internal_weight=1217.72 1032.91 184.806 932.885 813.428 307.298 119.457 281.915 251.701 158.538 141.239 86.0935 68.7945 55.1455
internal_count=5316 4507 809 3992 3505 1282 487 1178 1055 655 579 352 282 227
is_linear=0
shrinkage=0.02


Tree=81
num_leaves=15
num_cat=0
split_feature=12 12 2 17 8 13 8 3 12 15 2 12 17 1
split_gain=14.8639 8.27807 5.60624 9.2748 10.2707 4.95232 4.80107 6.19802 10.2208 6.42839 6.44974 8.09767 5.95113 6.61895
threshold=4.6490609253321127 -7.2727088607594927 108.56458333333335 14.397449804689726 -5.3273809523809517 117.32958921694481 6.1467434647762529 0.65739329268292701 -3.1972499999999995 109.20558647862715 108.14852941176473 -0.97609523809523824 12.700676531015793 114.34520807061791
decision_type=2 2 2 2 2 2 2 2 2 2 2 2 2 2
left_child=1 -1 -2 4 -4 -6 7 -3 -9 -10 -11 -12 13 -13
right_child=2 6 3 -5 5 -7 -8 8 9 10 11 12 -14 -15
leaf_value=-0.0047526226834350522 0.0074463014137732013 -0.0011564691901193675 0.0078258365535224771 -0.010824829207320847 -0.0072923597191568998 0.0038528415160140428 -0.0052548504938896672 0.017779912396900948 0.0080015542680797608 -0.0063320099846235533 -0.0064662411631909531 -0.0088874749759236728 0.007263888374343992 0.0046095952488279029
leaf_weight=192.65158249437809 114.38319933414459 423.26900294423103 79.989314541220665 16.162782862782478 34.661692842841148 22.584687188267708 62.206255525350571 11.934400498867033 46.426714971661568 43.49031113088131 31.806933283805847 20.550167381763458 82.687717124819756 28.934747412800789
leaf_count=839 586 1735 409 78 166 108 252 48 199 186 129 86 352 120
internal_value=7.23961e-05 -0.00111065 0.00418666 0.00159775 0.0033899 -0.00293909 -0.000151518 0.000343704 0.0027096 0.00167153 0.000100057 0.00194284 0.00412839 -0.00129671
internal_weight=1211.74 943.958 267.782 153.398 137.236 57.2464 751.306 689.1 265.831 253.897 207.47 163.98 132.173 49.4849
internal_count=5293 3946 1347 761 683 274 3107 2855 1120 1072 873 687 558 206
is_linear=0
shrinkage=0.02


Tree=82
num_leaves=15
num_cat=0
split_feature=3 7 11 3 17 17 0 11 17 5 16 11 5 16
split_gain=15.8159 11.9663 9.25126 6.10173 5.05972 6.73946 6.62266 5.49437 5.43886 6.92721 4.98439 5.77643 9.12913 7.61695
threshold=-6.3140681003584218 119.35098522167489 0.48683298683298687 8.1099033816425123 12.202867669899273 13.521556816502722 0.49691358024691362 0.23904761904761906 14.254153844456775 0.41955396256471528 108.35319010133115 0.61834733893557436 0.61791443850267391 115.29846345979145
decision_type=2 2 2 2 2 2 2 2 2 2 2 2 2 2
left_child=-1 2 4 10 6 -6 -2 -7 -9 -10 -4 -12 -13 -14
right_child=1 -3 3 -5 5 7 -8 8 9 -11 11 12 13 -15
leaf_value=-0.0054362903535558399 0.0047263743745629408 0.0095134595429653968 0.0023924743761445846 0.0073585755560249405 0.005161560386589532 0.0059447432453786763 -0.0070738651334252911 -0.0044924688087910423 -0.0058371149199182432 0.0063975746379068346 -0.0051937241823639358 0.011107219106751916 -0.0055313469184955846 0.0062563042506259669
leaf_weight=184.18292048573494 26.270097658038139 55.137013077735901 68.980713814496994 22.541317880153656 237.88276249170303 47.944355040788651 45.230644166469574 94.754626467823982 22.86564002931118 51.962464466691017 228.11810252070427 19.79510797560215 74.986591339111328 25.579003304243088
leaf_count=808 113 267 292 104 1079 231 207 420 105 221 939 82 307 104
internal_value=-0.000122737 0.00085662 0.000316572 -0.00181305 0.00209525 0.00287139 -0.00271279 0.000307211 -0.00141124 0.00252751 -0.00238951 -0.00335655 0.000193702 -0.00237882
internal_weight=1206.23 1022.05 966.911 440.001 526.911 455.41 71.5007 217.527 169.583 74.8281 417.46 348.479 120.361 100.566
internal_count=5279 4471 4204 1828 2376 2056 320 977 746 326 1724 1432 493 411
is_linear=0
shrinkage=0.02


Tree=83
num_leaves=15
num_cat=0
split_feature=12 11 3 4 17 13 17 14 14 0 5 13 16 2
split_gain=26.4259 10.8949 7.35499 7.15102 6.32049 5.25888 4.20977 4.99769 4.35732 4.00146 3.98413 3.83274 5.87063 4.56043
threshold=4.6490609253321127 0.39736842105263165 0.70638945233265737 0.31666666666666671 13.136282065274861 110.45299145299147 13.456783168266073 113.85504201680673 110.28348214285715 0.39228096301811871 0.46709956709956718 114.50806451612904 112.61710285638542 114.20256410256412
decision_type=2 2 2 2 2 2 2 2 2 2 2 2 2 2
left_child=1 2 4 10 -1 -4 -6 8 -8 -2 -3 13 -13 -5
right_child=9 3 5 11 6 -7 7 -9 -10 -11 -12 12 -14 -15
leaf_value=0.0054893289918169757 -0.0038621299063058461 0.001785281895327104 0.014469924050816997 -0.0012867867421794985 -0.0088334714218146135 0.0027941899417150162 -0.001616300365496479 -0.0045680953599652532 0.0073131529832040354 0.0065592232357944667 -0.0070437874001886471 -0.0093283227991803174 -0.0002938613456386256 0.0044014288699917954
leaf_weight=62.193065792322159 12.491888299584387 21.412745252251625 23.399185702204704 308.42619916796684 23.133656427264214 40.667172133922577 41.171197414398193 58.310320362448692 38.301094219088554 248.56148836016655 154.03881311416626 48.171556681394577 63.425656601786613 63.760267674922943
leaf_count=259 53 88 105 1276 96 175 170 243 160 1266 668 198 258 264
internal_value=0.000426774 -0.00113322 0.00209359 -0.00254407 0.000320725 0.00779738 -0.00178213 -0.000330338 0.00286533 0.00599733 -0.00594665 -0.00126186 -0.00442643 -0.000266895
internal_weight=1207.46 946.411 287.176 659.235 223.109 64.0664 160.916 137.783 79.4723 261.053 175.452 483.784 111.597 372.186
internal_count=5279 3960 1208 2752 928 280 669 573 330 1319 756 1996 456 1540
is_linear=0
shrinkage=0.02


Tree=84
num_leaves=15
num_cat=0
split_feature=3 16 10 16 6 1 7 14 8 3 14 16 16 18
split_gain=18.5734 10.2717 8.79686 6.3879 7.23639 6.33067 6.12371 5.99369 9.56867 7.43786 6.59483 6.93534 6.24252 5.40044
threshold=-6.3140681003584218 108.41036601419677 0.79057017543859665 115.52951055391691 118.47549407114626 112.36626016260163 108.00731707317074 117.08854166666667 -0.23685583822570114 -0.20568090249798546 113.80476190476192 110.95532675813702 112.04167747164526 12.931718196603375
decision_type=2 2 2 2 2 2 2 2 2 2 2 2 2 2
left_child=-1 13 3 4 6 -4 -3 8 -8 12 11 -11 -10 -2
right_child=1 2 5 -5 -6 -7 7 -9 9 10 -12 -13 -14 -15
leaf_value=-0.0054222451730350984 -0.0013852170943426385 -0.0047395505069920693 -0.0022836929765885105 -0.0061858013416095908 0.0097105604748053687 0.0083699087931444118 -0.0026714803775738367 -0.0040286369228263062 0.004904558053331746 0.0097609572113041901 0.012492806311553448 -0.00523860982790762 -0.0064819653202290552 0.0051741428592027971
leaf_weight=183.55973559617996 57.878572821617126 111.46201160550117 29.202129930257797 77.852005422115326 22.95890711247921 69.886721283197403 104.13099065423012 82.177515491843224 38.349938824772835 17.827592015266418 56.535051628947258 22.120302796363831 29.658941999077797 300.42689973115921
leaf_count=808 263 457 127 316 95 315 461 342 156 77 236 93 121 1407
internal_value=0.000348383 0.00140777 -7.43459e-05 -0.00105319 -0.000174988 0.00527134 -0.000764622 0.000547212 0.0019951 0.00494092 0.00837079 0.00179645 -0.00016499 0.0041101
internal_weight=1204.03 1020.47 662.162 563.073 485.221 99.0889 462.262 350.8 268.623 164.492 96.4829 39.9479 68.0089 358.305
internal_count=5274 4466 2796 2354 2038 442 1943 1486 1144 683 406 170 277 1670
is_linear=0
shrinkage=0.02


Tree=85
num_leaves=15
num_cat=0
split_feature=8 3 10 17 16 0 0 17 3 8 15 8 17 10
split_gain=17.2888 12.4833 10.0463 8.44772 5.86228 5.60896 4.72139 5.23158 5.83073 4.30388 8.8741 6.40082 6.08947 4.48583
threshold=-2.0371237458193976 0.56173780487804892 0.6708333333333335 14.969400103740432 109.15621438664063 0.60903532608695665 0.5776212832550861 14.155825767487419 3.9593204191806923 0.16693989071038257 115.03900786424855 1.4504901960784315 11.960634293586237 0.63060428849902539
decision_type=2 2 2 2 2 2 2 2 2 2 2 2 2 2
left_child=2 -2 3 5 6 -1 -3 8 -8 10 -6 -11 -13 -14
right_child=1 4 -4 -5 9 -7 7 -9 -10 11 -12 12 13 -15
leaf_value=0.0040939379324323325 -0.0036677045897763683 0.011562121119003876 0.0097387380153531287 -0.0076380607185365006 -0.0099437395173559168 -0.0078730547511130147 -0.0089844693211633183 0.010185298562685591 0.0032441765357596485 0.0073159248956780202 0.0057571746421455688 0.0075679339169206685 -0.0070681988246675178 -0.00010352749148205639
leaf_weight=188.73331524431705 484.45192784070969 26.668104380369186 81.586952790617943 28.736313208937645 39.673266232013702 12.453726112842558 18.198860958218575 18.826753154397011 42.783097416162491 43.551520153880119 17.324562236666679 25.122430175542831 47.534958332777023 125.54198116064072
leaf_count=853 2037 113 444 122 175 64 80 87 202 190 79 104 192 525
internal_value=-9.60301e-05 -0.00151688 0.00392179 0.00169433 0.00106783 0.00318021 0.00498238 0.00223173 -0.000809504 -0.000386409 -0.005092 0.000803732 -0.000772038 -0.0021611
internal_weight=1201.19 889.677 311.51 229.923 405.226 201.187 106.477 79.8087 60.982 298.749 56.9978 241.751 198.199 173.077
internal_count=5267 3784 1483 1039 1747 917 482 369 282 1265 254 1011 821 717
is_linear=0
shrinkage=0.02


Tree=86
num_leaves=15
num_cat=0
split_feature=12 3 8 10 4 9 6 18 18 10 17 5 18 17
split_gain=24.4788 10.2865 5.79339 5.27391 11.79 5.77775 7.27662 5.41501 7.941 6.1099 5.58772 5.34526 4.82573 4.76605
threshold=4.6490609253321127 -6.3140681003584218 -5.1937499999999988 0.77346041055718484 0.64583333333333337 0.41428571428571431 106.59807692307693 13.552442654525031 12.97182493936644 0.55086206896551737 12.523709891453636 0.43263412666397744 14.880636227226359 16.146673667477987
decision_type=2 2 2 2 2 2 2 2 2 2 2 2 2 2
left_child=1 13 -2 5 -5 6 -3 8 10 11 -8 -9 -4 -1
right_child=2 3 12 4 -6 -7 7 9 -10 -11 -12 -13 -14 -15
leaf_value=-0.0067373947875610778 0.0080563420284388253 -0.0070806712051687424 0.003398117212028995 0.010024172370639094 -0.0033673156172084879 -0.0023648526496547946 -0.0073748278916500034 -0.0024700477094481798 0.013955901055794922 -0.0069987648637283443 0.0054293561122943932 0.011227598464449222 -0.0079819838340881039 0.0036916456471814438
leaf_weight=172.02660058438778 134.27574676275253 26.363782942295074 112.32542687654495 49.601229071617126 47.072276905179024 483.60481208562851 14.58778841793537 20.537012785673141 31.20895990729332 29.394238442182541 40.762496933341026 17.090617954730988 12.271924436092375 16.304361701011658
leaf_count=761 706 110 551 212 201 1983 60 86 131 124 169 70 61 70
internal_value=-0.000151085 -0.00164233 0.00524068 -0.000590682 0.00365866 -0.00123251 0.00179235 0.00349072 0.00665507 -0.000774351 0.00172334 0.00433866 0.00201255 -0.0057624
internal_weight=1207.43 948.554 258.873 760.223 96.6735 663.55 179.945 153.581 86.5592 67.0219 55.3503 37.6276 124.597 188.331
internal_count=5295 3977 1318 3146 413 2733 750 640 360 280 229 156 612 831
is_linear=0
shrinkage=0.02


Tree=87
num_leaves=15
num_cat=0
split_feature=0 5 7 17 17 3 17 12 18 7 7 3 1 17
split_gain=18.791 12.6871 8.07076 6.80222 5.35985 6.75451 5.29832 7.27124 9.33833 5.25614 6.0766 4.1458 5.85521 11.887
threshold=0.45867486338797819 0.31866537717601556 120.39166666666669 11.231885360338943 13.004912697960334 3.8900966183574881 13.147307657389403 -7.0516672441672439 13.146417176345777 119.35098522167489 117.80166666666669 -9.7453703703703685 110.21846590909092 13.854292427467611
decision_type=2 2 2 2 2 2 2 2 2 2 2 2 2 2
left_child=2 4 6 -3 5 -2 7 -1 -9 10 -5 -8 -13 -14
right_child=1 3 -4 9 -6 -7 11 8 -10 -11 -12 12 13 -15
leaf_value=-0.0065809068943686998 -0.0031979842620014258 -0.010017809616277238 0.0083158273492742619 0.0012705601697349618 0.012604925776954368 0.012729618919877313 0.0017768283493590712 -0.005056173278558368 0.0077805727788811674 0.0097768296938944444 -0.0085956480431978958 -0.0082051320656678604 -0.0085799481201458763 0.0039825140364329568
leaf_weight=44.263826102018356 26.533766701817513 17.180408701300621 18.511962935328484 589.22137722373009 52.281471490859985 11.333729282021521 28.709119603037834 32.45956888794899 54.042861610651016 22.752546370029449 21.106693625450134 171.54031969606876 53.910073935985565 57.295484900474548
leaf_count=193 140 72 79 2545 283 68 127 134 226 105 95 733 226 242
internal_value=-7.94755e-05 0.00189001 -0.00323079 0.000884721 0.00871377 0.00249788 -0.00380172 -0.000399329 0.00295058 0.00125677 0.000862288 -0.00520135 -0.00592846 -0.00221463
internal_weight=1201.14 740.41 460.733 650.261 90.149 37.8675 442.221 130.766 86.5024 633.081 610.328 311.455 282.746 111.206
internal_count=5268 3308 1960 2817 491 208 1881 553 360 2745 2640 1328 1201 468
is_linear=0
shrinkage=0.02


Tree=88
num_leaves=15
num_cat=0
split_feature=3 11 17 8 8 3 9 3 16 17 4 17 17 1
split_gain=18.0595 16.6419 9.38975 9.17743 10.7691 7.23353 7.31407 5.45423 8.45273 5.00026 4.52436 4.22408 4.19849 12.864
threshold=-6.3140681003584218 0.32071428571428579 11.231885360338943 0.45152073732718895 -2.0371237458193976 2.2789215686274513 0.41428571428571431 -9.7453703703703685 109.35874017968987 12.017316109080388 0.41428571428571431 12.222671356311215 13.785916209761591 110.47269116186695
decision_type=2 2 2 2 2 2 2 2 2 2 2 2 2 2
left_child=7 3 -3 4 -2 6 11 8 -1 -8 -7 -4 -11 -14
right_child=1 2 5 -5 -6 10 9 -9 -10 12 -12 -13 13 -15
leaf_value=0.0096232315318648762 0.005908166331381505 -0.014122135369739743 -0.0057142914952571554 0.014908844445748937 -0.0048916028464617307 0.010065229256916828 0.0035363333245872946 -0.0075618243662550272 -0.0076600455764293139 -0.0054643811454957178 0.0015448719793994732 0.0042223323451641131 -0.008351034191538962 0.0044953602874936291
leaf_weight=17.553548708558083 177.40470664203167 14.706729009747503 15.930293485522268 30.596971452236176 42.249301016330719 23.105771973729134 38.063700243830681 141.93965201079845 17.789381146430969 208.76488201320171 251.29600410163403 100.39314502477646 47.502050831913948 71.873625054955482
leaf_count=75 892 61 66 132 185 100 155 628 81 854 1123 421 196 294
internal_value=-6.15683e-05 0.000968483 -0.000492817 0.00539572 0.00376825 -0.000137071 -0.00160662 -0.00586266 0.00105273 -0.0029867 0.0024296 0.00268211 -0.00378508 -0.000746704
internal_weight=1199.17 1021.89 771.636 250.251 219.654 756.929 482.528 177.283 35.3429 366.204 274.402 116.323 328.141 119.376
internal_count=5263 4479 3270 1209 1077 3209 1986 784 156 1499 1223 487 1344 490
is_linear=0
shrinkage=0.02


Tree=89
num_leaves=15
num_cat=0
split_feature=12 11 0 10 16 16 7 2 3 12 15 16 6 6
split_gain=20.0497 6.90044 9.86286 6.37007 6.40302 5.61344 6.38755 6.96714 6.26652 5.40315 5.21976 5.37416 7.08688 4.71246
threshold=4.6490609253321127 0.43875000000000003 0.60128205128205137 0.68090909090909102 102.72304923209954 111.62721584434139 113.21154005811542 116.30776515151517 -0.16619047619047617 6.4262186028257462 105.3362327347846 108.35319010133115 110.50342465753427 108.50757575757576
decision_type=2 2 2 2 2 2 2 2 2 2 2 2 2 2
left_child=1 2 5 4 -2 8 7 -7 -1 -6 -3 13 -13 -12
right_child=3 10 -4 -5 9 6 -8 -9 -10 -11 11 12 -14 -15
leaf_value=-0.00026657888892061779 -0.0071266138425050531 -0.006996304458554696 0.009593077748142078 0.0075943965316822076 -0.0026115699079778077 0.0045725298872480178 0.0085722133671292076 -0.011203334149849422 -0.0076430589533506002 0.0070028478341405808 -0.0017874913715635158 -0.0094763441238369227 -0.0017486596046842376 0.008382468531841018
leaf_weight=195.91681258380413 23.687837034463882 96.394629716873169 38.463747829198837 138.97126220166683 33.142337903380394 22.241307318210602 44.805890589952469 14.264428004622458 55.385698676109314 60.156259849667549 34.707867354154587 50.441125944256783 359.37308751046658 30.313967153429985
leaf_count=816 117 424 172 730 154 92 187 60 236 307 145 209 1488 126
internal_value=-0.00013609 -0.00148774 0.00063163 0.00477317 0.00124785 -0.000531403 0.00388919 -0.00219883 -0.0020097 0.00362841 -0.00285804 -0.0019538 -0.00280256 0.00321387
internal_weight=1198.27 942.309 371.078 255.958 116.986 332.614 81.3116 36.5057 251.303 93.2986 571.231 474.836 409.814 65.0218
internal_count=5263 3955 1563 1308 578 1391 339 152 1052 461 2392 1968 1697 271
is_linear=0
shrinkage=0.02


Tree=90
num_leaves=15
num_cat=0
split_feature=12 3 4 5 3 12 7 17 11 7 8 6 17 7
split_gain=24.2459 11.5349 7.9171 6.24306 5.41918 5.35887 5.22565 5.38412 5.14423 6.58077 6.18214 5.06054 6.32144 4.67721
threshold=3.1602469135802473 -6.1314285714285708 0.5277777777777779 0.44756480754124123 -9.7453703703703685 6.9686274509803932 112.75615615615617 12.889092611193089 0.27386363636363642 114.92619825708063 0.45152073732718895 107.72111111111113 15.089413069418587 118.72613636363639
decision_type=2 2 2 2 2 2 2 2 2 2 2 2 2 2
left_child=1 3 5 4 -1 -2 7 -4 10 -10 -3 -5 -13 -11
right_child=2 8 6 11 -6 -7 -8 -9 9 13 -12 12 -14 -15
leaf_value=0.0077338867626797663 -0.0030961851982227941 -0.00072967446694372916 -0.0033001510205007078 0.001661838893030777 -0.0045251707152252066 0.0050435830865080697 0.0093499428301821556 0.0060917003185346841 -0.00046808311653638351 -0.0082680139167763695 0.012993114276439684 -0.013551190980384938 -0.0014050930773905517 0.0031638993332919292
leaf_weight=14.527926191687582 74.90913650393486 29.488893732428551 33.229906409978867 13.451268076896666 51.164681941270828 49.370867684483528 116.02459593117237 66.298352941870689 542.4082270860672 72.181421846151352 17.976061150431633 73.809040367603302 23.498038619756699 14.768244147300718
leaf_count=60 336 124 161 60 210 255 600 327 2227 294 76 343 107 60
internal_value=-0.000227339 -0.00202607 0.00425292 -0.00650569 -0.00145882 0.000207383 0.00652785 0.00294814 -0.000819069 -0.00131129 0.00521043 -0.00930676 -0.0108301 -0.00625986
internal_weight=1193.11 853.274 339.833 176.451 65.6926 124.28 215.553 99.5283 676.823 629.358 47.465 110.758 97.3071 86.9497
internal_count=5240 3561 1679 780 270 591 1088 488 2781 2581 200 510 450 354
is_linear=0
shrinkage=0.02


Tree=91
num_leaves=15
num_cat=0
split_feature=12 3 5 4 8 17 17 1 10 14 17 7 1 11
split_gain=20.276 6.83073 6.28154 6.2757 7.91083 6.30035 5.42083 9.54703 7.97979 6.95631 6.84665 6.99268 6.37286 4.7099
threshold=1.5783625730994155 -6.3140681003584218 0.44208407871198574 0.31666666666666671 -6.7119815668202758 12.270367465894752 13.796290710173974 110.47269116186695 0.56330128205128216 113.92705570291778 13.437738411286668 114.75080645161292 112.62081081081082 0.51389961389961403
decision_type=2 2 2 2 2 2 2 2 2 2 2 2 2 2
left_child=1 2 -1 -2 -5 -6 10 8 13 -9 11 -3 -12 -8
right_child=3 6 -4 4 5 -7 7 9 -10 -11 12 -13 -14 -15
leaf_value=0.00024640980599807146 -0.0035107139603807276 0.00032983650049794931 -0.0078230676029994225 0.0091984917105042592 -0.0037179762511725875 0.0038766195482736218 0.0055526573766739376 0.011584051067615515 -0.011995920489492679 0.0016169163959116007 -0.0024459772268945468 -0.0082684071736498135 -0.014149022170483947 -0.0056350433740494808
leaf_weight=55.596551895141602 42.430513754487038 275.18808446824551 118.94384202361107 94.142005413770676 48.58701179921627 249.58887262642384 31.546798333525658 39.944434806704521 23.905906289815903 79.644739851355553 48.310076236724854 38.804180070757866 28.253539547324181 20.701526075601578
leaf_count=229 183 1125 551 510 222 1169 129 165 98 325 199 158 115 86
internal_value=6.3834e-05 -0.00190185 -0.00531741 0.00348643 0.00427785 0.00259819 -0.000848679 0.00183743 -0.00355681 0.00527736 -0.00220114 -0.000845709 -0.00736726 0.00101492
internal_weight=1195.59 760.84 174.54 434.748 392.318 298.176 586.299 195.743 76.1542 119.589 390.556 313.992 76.5636 52.2483
internal_count=5264 3180 780 2084 1901 1391 2400 803 313 490 1597 1283 314 215
is_linear=0
shrinkage=0.02


Tree=92
num_leaves=15
num_cat=0
split_feature=12 7 7 7 15 7 10 15 16 7 13 5 10 3
split_gain=19.979 6.84779 6.25741 6.11529 5.78114 5.33228 4.20427 7.94492 5.83195 4.78209 4.58123 5.94632 4.9284 7.33493
threshold=-2.0260064412238323 119.17063492063494 118.20576923076923 112.46312217194573 111.02447180260019 110.28285714285717 0.6708333333333335 109.49934871516469 103.33174885806788 108.00731707317074 106.49358974358977 0.3987179487179488 0.45889639639639646 -1.151229273870783
decision_type=2 2 2 2 2 2 2 2 2 2 2 2 2 2
left_child=3 2 6 4 -1 -6 7 10 -8 -9 11 -2 13 -12
right_child=1 -3 -4 -5 5 -7 8 9 -10 -11 12 -13 -14 -15
leaf_value=-0.0056100261040373254 -0.0060849162279556978 0.0082698627963114831 -0.0074958996754348681 0.00074028604149661847 0.0053315820658948378 -0.0054466951222851443 0.013258693410660551 -0.0097016383673182022 0.0028013495287732611 -0.00095091498363709189 0.0063394484299799329 0.0052074739278388602 0.0088970591327494838 -0.0092586441557097731
leaf_weight=294.01175072789192 33.815657123923302 60.84422379732132 24.879105880856514 120.47694578766823 38.998913645744324 26.600506722927094 19.091615736484528 24.665352150797844 245.28919531404972 167.58436325192451 25.674703657627106 30.973981037735939 70.806338042020798 14.87345679104328
leaf_count=1246 147 297 117 512 158 108 109 103 1144 729 106 129 314 64
internal_value=2.62072e-06 0.00210818 0.00148002 -0.0031378 -0.00442937 0.000884788 0.00188893 0.000493155 0.00378858 -0.00229108 0.00351133 -0.000700053 0.00588643 0.000229635
internal_weight=1198.59 718.498 657.654 480.088 359.611 65.5994 632.775 368.394 264.381 192.25 176.144 64.7896 111.354 40.5482
internal_count=5283 3259 2962 2024 1512 266 2845 1592 1253 832 760 276 484 170
is_linear=0
shrinkage=0.02


Tree=93
num_leaves=15
num_cat=0
split_feature=12 15 16 12 15 0 1 17 1 0 14 18 16 10
split_gain=17.0324 6.52372 7.8907 5.93406 6.90454 5.86464 6.77547 5.69415 8.2858 5.95376 5.67547 7.29947 5.1089 4.66063
threshold=-0.55737704918032838 109.49934871516469 110.69169560795295 11.844129554655872 109.49934871516469 0.42340286831812263 106.00657894736842 14.563853770301447 112.40454545454547 0.46720430107526884 109.96428571428574 13.426137087359757 109.73517555399893 0.69098143236074283
decision_type=2 2 2 2 2 2 2 2 2 2 2 2 2 2
left_child=1 -1 12 4 5 -2 -7 8 -4 -10 -8 -12 -3 -5
right_child=3 2 7 13 -6 6 10 -9 9 -11 11 -13 -14 -15
leaf_value=-0.0040338628627790566 -0.00075369577925916758 0.00075599059247483558 0.004416819736856605 -0.00069806988698153949 -6.0274239883588578e-05 -0.0029076837520120116 0.01298904068126169 0.0078795994116108766 -0.011418655936865385 -0.0020856649434438275 0.0097189161966573945 -0.0030479564595009639 0.013813617596795736 0.012276596913230065
leaf_weight=381.80148549377918 58.185338199138641 24.554663091897964 41.447492301464081 14.763315930962561 351.94354698061943 22.288948625326157 55.639878988265991 17.362416788935661 39.622570708394051 78.21203301846981 33.959374129772186 29.739584490656853 19.62103283405304 33.877398133277893
leaf_count=1626 241 100 168 83 1600 101 264 71 165 316 152 135 80 206
internal_value=-0.000102786 -0.00246795 0.000268902 0.00227192 0.00163793 0.00455753 0.00669085 -0.00166107 -0.00290922 -0.00556099 0.00852841 0.00397034 0.00737048 0.00864056
internal_weight=1203.02 602.622 220.82 600.397 551.757 199.813 141.628 176.645 159.282 117.835 119.339 63.699 44.1757 48.6407
internal_count=5308 2526 900 2782 2493 893 652 720 649 481 551 287 180 289
is_linear=0
shrinkage=0.02


Tree=94
num_leaves=15
num_cat=0
split_feature=12 18 17 7 7 0 13 8 14 7 8 8 18 14
split_gain=14.4668 5.18562 11.7159 4.57344 6.36863 5.93323 4.87259 4.68642 8.16462 6.3827 5.53229 7.51973 7.84681 5.1801
threshold=-0.55737704918032838 14.765641114189563 13.248061353519303 119.17063492063494 118.20576923076923 0.45867486338797819 104.98387096774195 -1.9474916387959864 104.34313725490198 110.18697033898306 -0.23685583822570114 -0.45260557053009881 12.781196617732412 109.85164835164836
decision_type=2 2 2 2 2 2 2 2 2 2 2 2 2 2
left_child=1 -1 -3 4 5 6 -2 8 -7 -10 11 12 -9 -11
right_child=3 2 -4 -5 -6 7 -8 10 9 13 -12 -13 -14 -15
leaf_value=-0.0022981443252969784 0.0060828690473481543 0.016557560921346623 -0.0028478073599844103 0.0078429448848236563 -0.0074769761107694723 -0.0024727601886577509 -0.0046320378556968253 -0.0080137355062294274 -0.0034629730104160515 0.014967212421312066 0.0038842233749468986 -0.013258961510816363 0.0044688285317540447 0.0046774586425403558
leaf_weight=552.64471146464348 17.483012869954109 14.633626580238341 30.811727598309517 56.203079536557198 22.153129920363426 29.176095023751259 67.835730418562889 24.045464098453522 11.937964379787443 49.975115746259689 200.12844125926495 13.799429595470427 60.882188454270363 40.373698189854622
leaf_count=2321 73 60 128 277 106 153 287 109 58 271 875 60 274 201
internal_value=0.000433533 -0.00175504 0.00442261 0.00263346 0.00202179 0.00249777 -0.00222121 0.00344817 0.00653579 0.00910086 0.00200476 -0.00180866 0.00068559 0.0108555
internal_weight=1192.08 598.09 45.4454 593.993 537.79 515.637 85.3187 430.318 131.463 102.287 298.856 98.7271 84.9277 90.3488
internal_count=5253 2509 188 2744 2467 2361 360 2001 683 530 1318 443 383 472
is_linear=0
shrinkage=0.02


Tree=95
num_leaves=15
num_cat=0
split_feature=12 12 14 14 13 9 14 6 0 18 3 11 17 14
split_gain=16.387 5.39384 4.50584 6.77683 4.73093 7.26014 5.77161 5.41506 5.73731 5.38634 4.13594 4.00216 4.17383 4.79469
threshold=-1.4140231259968101 11.844129554655872 119.51000000000001 118.76696832579186 112.66190476190478 0.38750000000000007 116.0138888888889 114.50454545454546 0.5629401408450706 12.931718196603375 -0.48601398601398599 0.3623737373737374 13.344091545405943 108.77350427350429
decision_type=2 2 2 2 2 2 2 2 2 2 2 2 2 2
left_child=-1 2 3 4 5 9 11 10 -9 -2 -6 -7 -13 -14
right_child=1 -3 -4 -5 7 6 -8 8 -10 -11 -12 12 13 -15
leaf_value=-0.0025482487359200258 -0.008626038721344929 0.0082291712907265561 0.0069143483787515517 -0.010187444737564721 0.0036804087892054944 0.010811749151254175 -0.0025382786820827923 -0.0036639645002685475 0.0097566678990260898 0.0012222143565656608 -0.0037889371421618231 0.00050909916122334018 -0.00045905844352919876 0.011059716455069169
leaf_weight=528.91450272500515 23.417429223656654 48.732628688216209 53.049661576747894 15.779324546456335 32.632986903190613 55.374478116631508 30.942186206579208 16.858118757605553 29.43691448867321 97.712286189198494 146.39694797992706 64.096205294132233 20.054115608334541 43.426168024539948
leaf_count=2225 107 292 229 68 142 257 133 70 131 452 671 277 88 190
internal_value=7.69691e-05 0.00212886 0.00159521 0.00105015 0.0014539 0.00294446 0.0051202 -0.000778147 0.00498883 -0.000948178 -0.00236445 0.00644854 0.00421836 0.00765298
internal_weight=1206.82 677.909 629.177 576.127 560.348 335.023 213.893 225.325 46.295 121.13 179.03 182.951 127.576 63.4803
internal_count=5332 3107 2815 2586 2518 1504 945 1014 201 559 813 812 555 278
is_linear=0
shrinkage=0.02


Tree=96
num_leaves=15
num_cat=0
split_feature=3 8 17 11 6 17 3 7 11 16 8 3 17 14
split_gain=15.902 8.12719 8.56525 7.57411 5.92088 5.03966 5.70548 5.98528 9.27885 6.03425 6.82257 7.25999 6.46725 4.80026
threshold=0.65739329268292701 -2.0371237458193976 13.161693204407284 0.30901856763925734 106.25779656076948 15.419754923336299 -6.1314285714285708 109.73634558093349 0.63060428849902539 114.05049007461631 -0.1570723684210526 -0.94058823529411761 13.38135960617905 108.67156862745099
decision_type=2 2 2 2 2 2 2 2 2 2 2 2 2 2
left_child=1 2 13 -2 -4 6 -3 -8 9 10 11 -9 -12 -1
right_child=3 5 4 -5 -6 -7 7 8 -10 -11 12 -13 -14 -15
leaf_value=0.012545588569465726 0.00692631533191843 -0.0080356619848065674 -0.0077912913042319865 0.0011860580605178384 0.001300869689866635 0.0032687439145746705 -0.0057860896386012894 0.0011580790737992829 0.011513392743172493 -0.007831723873422904 0.0087164302722027541 -0.013454479951035324 -0.0018888547515233855 0.0017093030463240764
leaf_weight=28.120155349373817 114.53701795637608 106.86874993145466 37.907929822802544 411.43523360788822 82.845215782523155 36.949820891022682 142.61358876526356 29.239625498652458 18.10233861207962 45.395982533693314 42.616926848888397 19.312428563833237 41.652973771095276 35.96241220831871
leaf_count=128 613 497 164 1806 359 161 587 119 74 185 173 79 170 162
internal_value=-9.82757e-05 -0.00214047 0.00139856 0.00248952 -0.00174972 -0.00349594 -0.00408666 -0.00274278 -0.000443229 -0.00193877 0.000286384 -0.00536784 0.00366225 0.00702824
internal_weight=1193.56 667.588 184.836 525.972 120.753 482.752 445.803 338.934 196.32 178.218 132.822 48.5521 84.2699 64.0826
internal_count=5277 2858 813 2419 523 2045 1884 1387 800 726 541 198 343 290
is_linear=0
shrinkage=0.02


Tree=97
num_leaves=15
num_cat=0
split_feature=10 5 9 17 10 2 7 7 1 16 1 17 16 14
split_gain=14.6935 16.8839 9.18816 7.75132 6.26203 8.03568 6.82481 5.94725 5.53317 6.96755 6.21316 4.98095 6.1766 6.04411
threshold=0.6708333333333335 0.49374902328488829 0.41428571428571431 14.937120729929388 0.62678571428571439 112.80459566946533 104.04232804232807 107.80142857142859 114.29679679679681 108.63608826313325 115.41493891151427 12.098015135126635 107.33311301879107 119.3514705882353
decision_type=2 2 2 2 2 2 2 2 2 2 2 2 2 2
left_child=2 -2 -1 8 6 7 -4 -6 9 -3 -10 -8 -13 -14
right_child=1 3 4 -5 5 -7 11 -9 10 -11 -12 12 13 -15
leaf_value=0.0011628405406969424 0.0086720869578527423 0.0040008168277311518 0.0047356229802131755 0.011259437543869091 -0.0031258336223410712 -0.0065118862168503187 0.0013179958493233291 0.01107910177667122 0.010989737790436153 -0.0073165874410311416 -0.00079026514419500051 0.00081270431926254861 -0.0077413702089035412 -0.00078678784665828911
leaf_weight=318.3831173479557 137.24045589566231 25.732638046145439 29.609741285443306 16.197910487651825 14.498987957835196 22.967885509133339 48.087556436657906 32.631472200155258 18.752190962433815 79.132745146751404 70.46086373925209 53.9241833537817 260.82516112923622 63.054859682917595
leaf_count=1411 720 115 126 70 60 94 198 139 81 331 309 231 1110 270
internal_value=-8.25431e-05 0.00335015 -0.00150739 -0.00024404 -0.0031206 0.00231495 -0.00397315 0.00682849 -0.0014628 -0.00448375 0.00213767 -0.00462654 -0.0053905 -0.00641996
internal_weight=1191.5 347.517 843.983 210.276 525.6 70.0983 455.502 47.1305 194.078 104.865 89.2131 425.892 377.804 323.88
internal_count=5265 1626 3639 906 2228 293 1935 199 836 446 390 1809 1611 1380
is_linear=0
shrinkage=0.02


Tree=98
num_leaves=15
num_cat=0
split_feature=3 7 3 16 16 7 3 14 7 3 7 10 9 14
split_gain=12.6947 8.46538 5.61284 9.1649 5.50321 6.87911 5.49639 7.1004 5.12439 4.91396 4.79155 5.84997 5.13447 4.73558
threshold=-6.3140681003584218 119.17063492063494 -9.7453703703703685 109.77632682415948 108.41036601419677 117.14608739837401 2.453835227272728 113.52177858439204 110.77871939736347 1.1154901960784316 108.456336238199 0.81365740740740755 0.76388888888888895 116.09808612440193
decision_type=2 2 2 2 2 2 2 2 2 2 2 2 2 2
left_child=2 4 3 -1 6 10 8 -8 -2 -10 11 12 13 -6
right_child=1 -3 -4 -5 5 -7 7 -9 9 -11 -12 -13 -14 -15
leaf_value=0.010096995195239435 -0.0024450458828585682 0.0081198995466692063 -0.0064892602270755573 -0.0074710547671881537 -0.0086557288956226747 -0.0078663854102359859 0.0078389223291721582 -0.0055965792599196431 0.0055443408479226852 -0.0045423400470635941 0.0011402534135594143 0.0066693023974348535 0.00094789437145577241 0.0028698498036164076
leaf_weight=20.054265320301056 105.94758832454681 57.352840572595596 142.25983969867229 17.782008796930313 80.656488448381424 43.126702696084976 101.64929820597172 14.776804432272909 90.065294966101646 20.205120906233788 416.72257028520107 18.124034613370895 49.543518155813217 14.577205225825308
leaf_count=86 446 285 637 82 333 189 535 72 408 103 1757 77 204 60
internal_value=0.00010275 0.000978552 -0.00471561 0.00193217 0.000509811 -0.000600598 0.00256674 0.00597345 0.000638792 0.00357927 2.66423e-06 -0.00285473 -0.00422984 -0.00683638
internal_weight=1192.84 1012.75 180.096 37.8363 955.395 622.751 332.644 116.426 216.218 110.27 579.624 162.901 144.777 95.2337
internal_count=5274 4469 805 168 4184 2620 1564 607 957 511 2431 674 597 393
is_linear=0
shrinkage=0.02


Tree=99
num_leaves=15
num_cat=0
split_feature=5 3 2 11 18 7 1 17 11 18 18 17 16 16
split_gain=10.2356 8.96177 7.34895 8.77194 7.7933 6.02797 6.46836 5.35184 5.29793 5.24291 7.2674 6.21604 5.97276 6.21601
threshold=0.46402691511387167 -6.1314285714285708 108.56458333333335 0.15075757575757578 14.741030926563521 112.0536936936937 106.23669467787117 15.77165868978593 0.28165064102564108 13.673387682772217 13.834597557713373 14.542971933396016 113.18264584332552 111.31467643313448
decision_type=2 2 2 2 2 2 2 2 2 2 2 2 2 2
left_child=2 7 5 4 -4 6 -1 -2 -3 11 -11 -10 13 -12
right_child=1 8 3 -5 -6 -7 -8 -9 9 10 12 -13 -14 -15
leaf_value=-0.0083570894545019082 -0.0084548078485657575 0.0077477086276057034 -0.015161616172003676 0.0019540660785295435 0.0025643716941902016 0.010898285005965768 0.0057271109779945218 0.0034765722135525886 -0.0030582723450586591 0.0096717701253581177 0.00011289094525917032 0.0050785205627620301 0.0066163794737252859 -0.009898837137999314
leaf_weight=14.011554181575773 92.880629688501358 24.044242277741432 19.285512626171112 283.66789872944355 14.647560372948645 57.262517780065536 37.055565103888512 14.928323164582251 381.6586939394474 31.498463183641434 121.84766429662704 37.074130043387413 36.734280347824097 26.111585095524788
leaf_count=62 439 105 90 1285 70 304 192 67 1598 133 515 156 152 108
internal_value=-0.000133437 -0.00151158 0.0023363 0.000763334 -0.00816334 0.00671078 0.0014621 -0.0067218 -0.00061497 -0.000989721 0.00151672 -0.00228642 -9.23528e-05 -0.00191978
internal_weight=1192.71 766.778 425.931 317.601 33.9331 108.33 51.0671 107.809 658.969 634.925 216.192 418.733 184.694 147.959
internal_count=5276 3273 2003 1445 160 558 254 506 2767 2662 908 1754 775 623
is_linear=0
shrinkage=0.02


Tree=100
num_leaves=15
num_cat=0
split_feature=3 7 16 2 2 5 6 3 10 6 6 3 6 2
split_gain=14.7352 10.2243 6.54909 7.97805 5.49232 5.76012 7.48449 5.30858 5.64976 5.02447 6.10237 6.4311 4.89376 6.32062
threshold=-6.3140681003584218 119.61250000000003 108.41036601419677 108.30185185185188 111.426568627451 0.435690653432589 108.60327868852461 0.65739329268292701 0.3585714285714286 117.62731481481482 109.50490196078432 3.3429276315789478 116.98589743589746 114.89160839160841
decision_type=2 2 2 2 2 2 2 2 2 2 2 2 2 2
left_child=-1 2 3 -2 -5 -6 -7 8 -4 10 11 -9 13 -12
right_child=1 -3 7 4 5 6 -8 9 -10 -11 12 -13 -14 -15
leaf_value=-0.0057249710356288112 0.0061298500902212186 0.0087266242046618731 0.0044991668491192963 -0.0038559685999592776 -0.00085620290566843242 -0.00097105757164850793 0.014141848591210837 0.0021251310918602748 -0.0041395148598751602 -0.005245823622691579 0.002809792320916776 -0.014497232211844874 0.011992678929031044 -0.0071724744769700978
leaf_weight=176.78842847049236 123.70835494995117 51.480607017874718 30.021715983748436 88.767642855644226 79.753588154911995 22.154134184122086 25.093101143836975 16.466080397367481 261.4045947343111 47.081436216831207 216.96253368258476 13.563904389739035 15.310177415609358 23.827488020062447
leaf_count=796 613 255 125 414 379 93 104 69 1073 194 949 60 65 99
internal_value=-0.000480439 0.000456071 -2.82951e-05 0.00218893 -0.000158209 0.00247451 0.00764067 -0.00124112 -0.00318871 0.000484196 0.00150095 -0.00638045 0.00252959 0.00169618
internal_weight=1192.38 1015.6 964.115 339.477 215.768 127.001 47.2472 624.638 291.426 333.212 286.13 30.03 256.1 240.79
internal_count=5288 4492 4237 1603 990 576 197 2634 1198 1436 1242 129 1113 1048
is_linear=0
shrinkage=0.02


Tree=101
num_leaves=15
num_cat=0
split_feature=10 6 9 3 14 18 14 5 17 17 1 10 10 18
split_gain=14.0509 8.3299 8.0833 9.31623 7.14803 6.39288 6.22797 7.47042 5.48707 4.05385 3.83624 7.08386 8.56161 5.85606
threshold=0.70479302832244028 117.62731481481482 0.41428571428571431 -7.3084239130434776 119.51000000000001 12.059619814210405 117.10960960960962 0.69931506849315073 12.133779266435242 14.937120729929388 115.68402777777779 0.48435972629521024 0.267948717948718 12.828875502831783
decision_type=2 2 2 2 2 2 2 2 2 2 2 2 2 2
left_child=2 8 3 -1 6 -5 10 -8 -2 -7 11 12 -4 -13
right_child=1 -3 4 5 -6 9 7 -9 -10 -11 -12 13 -14 -15
leaf_value=-0.005957160424841461 -0.0035181498221329649 -0.0047040107909904171 0.0033030138820132971 -0.0067936283007303576 0.0027331622672855222 0.0042827059266266065 -0.011873151465334811 0.003005273434018707 0.0059739242011991132 -0.0047427464459776541 -0.0077361812918145196 0.0053679390409819231 -0.007357385616087622 -0.001738848246922772
leaf_weight=55.16122305393219 23.834034815430641 36.331756621599197 36.330548658967018 21.397205799818039 79.454477459192276 243.5106125921011 57.967793047428131 14.952962413430212 235.78465510904789 17.56439009308815 45.754103302955627 66.365624502301216 121.46198411285877 127.92230376601219
leaf_count=235 113 155 165 90 335 1110 245 63 1136 77 190 276 525 538
internal_value=5.94576e-05 0.00379651 -0.00120052 0.00122451 -0.00268626 0.00270617 -0.00362006 -0.00882515 0.0050525 0.00359779 -0.00256831 -0.0017978 -0.00487685 0.000762488
internal_weight=1183.79 295.95 887.843 337.633 550.21 282.472 470.755 72.9208 259.619 261.075 397.835 352.08 157.793 194.288
internal_count=5253 1404 3849 1512 2337 1277 2002 308 1249 1187 1694 1504 690 814
is_linear=0
shrinkage=0.02


Tree=102
num_leaves=15
num_cat=0
split_feature=0 8 13 1 14 14 8 18 11 2 2 11 10 12
split_gain=14.0347 9.09623 6.93985 8.54007 7.65344 9.61435 6.43757 6.2935 5.93344 5.8571 5.36309 5.11108 5.09423 4.63197
threshold=0.42761904761904768 -1.5663650075414779 110.25735294117648 106.10435571687842 104.34313725490198 106.19375000000001 -0.23685583822570114 13.673387682772217 0.5064102564102565 116.30776515151517 105.26969696969698 0.45584415584415588 0.77638888888888902 -0.67073863636363629
decision_type=2 2 2 2 2 2 2 2 2 2 2 2 2 2
left_child=8 2 3 -2 -4 -6 11 13 -1 12 -9 -3 -7 -8
right_child=1 6 4 -5 5 9 7 10 -10 -11 -12 -13 -14 -15
leaf_value=-0.0015778465168998044 -0.0035468009773824329 -0.0071025264257403289 -0.0098919022755538741 0.011753653805424437 0.01710088953961016 -0.0036721073975962467 -0.0026829785685984187 -0.0043946589571416577 -0.0070130045556076161 0.010051518017739871 0.00548630954292005 0.0020583035189867087 0.0073109138249818004 0.0020748846676815797
leaf_weight=249.58684726059437 15.587908253073691 73.690558388829231 14.803107574582098 71.505450814962387 12.888299554586409 68.479295939207077 184.52798067033291 21.911394998431206 116.50147943198681 18.334247797727585 144.53429402410984 32.571041345596313 17.031105995178223 139.32978405058384
leaf_count=1061 74 329 78 376 71 345 749 94 521 91 607 141 99 608
internal_value=-0.000151957 0.00130887 0.00474893 0.0089713 0.00172704 0.00354624 1.91567e-05 0.000995538 -0.00337868 0.00115567 0.00409532 -0.00432826 -0.00120159 -0.00063563
internal_weight=1181.28 815.194 218.629 87.0934 131.536 116.733 596.565 490.303 366.088 103.845 166.446 106.262 85.5104 323.858
internal_count=5244 3662 1134 450 684 606 2528 2058 1582 535 701 470 444 1357
is_linear=0
shrinkage=0.02


Tree=103
num_leaves=15
num_cat=0
split_feature=12 3 5 11 16 5 16 7 5 4 13 4 10 11
split_gain=12.6296 7.6058 5.86484 5.578 5.69096 8.05104 4.64224 5.97772 6.14792 5.36288 4.65404 4.18967 4.46793 4.20477
threshold=1.8054315476190477 -6.4939316675165726 0.35339366515837112 0.25866188769414583 104.80664985994808 0.42204861111111119 109.15621438664063 112.75615615615617 0.48181216931216936 0.41428571428571431 113.12132352941178 0.5277777777777779 0.62678571428571439 0.44281045751633991
decision_type=2 2 2 2 2 2 2 2 2 2 2 2 2 2
left_child=1 2 -1 -3 -5 -6 7 8 -2 10 -9 12 -8 -13
right_child=6 3 -4 4 5 -7 11 9 -10 -11 -12 13 -14 -15
leaf_value=0.0026433961140508713 -0.0014147760101492041 0.0072013873198097569 -0.0068767098606483373 0.0084479236966924828 -0.011436720524157533 -0.00072404257232761926 0.002399385426958083 -0.0028064834446552794 0.0075510629822731282 0.01001978234236264 0.0097576849131710587 0.0058164648979333513 -0.0094328417580333852 -0.0018700219103197373
leaf_weight=28.835044845938683 96.72370782494545 31.236520126461983 137.15498657524586 20.097395241260529 24.680305242538452 535.03933595120907 18.657933071255684 31.612016260623932 38.968514382839203 88.857311397790909 12.517186701297758 54.396841809153557 26.502990230917931 51.101393491029739
leaf_count=117 481 131 634 83 101 2193 82 145 183 490 60 265 119 228
internal_value=4.26737e-05 -0.00146488 -0.00519398 -0.000417955 -0.000886493 -0.00129349 0.00282056 0.00437264 0.00133691 0.00730945 0.00138769 1.09591e-06 -0.00479254 0.00217713
internal_weight=1196.38 777.044 165.99 611.054 579.817 559.72 419.338 268.679 135.692 132.987 44.1292 150.659 45.1609 105.498
internal_count=5312 3259 751 2508 2377 2294 2053 1359 664 695 205 694 201 493
is_linear=0
shrinkage=0.02


Tree=104
num_leaves=15
num_cat=0
split_feature=12 17 13 2 13 0 2 10 0 17 1 2 1 11
split_gain=9.62439 6.31969 5.66747 6.06261 5.78099 7.53977 6.95015 5.75983 5.184 9.26664 4.81207 4.20313 4.4854 4.70022
threshold=-2.6005167958656323 12.503021028435748 107.47809523809526 109.5732142857143 110.25735294117648 0.63373983739837414 112.22020202020204 0.75337837837837851 0.51042118975249684 14.542971933396016 107.6720430107527 106.13188405797102 110.5744466800805 0.46291208791208799
decision_type=2 2 2 2 2 2 2 2 2 2 2 2 2 2
left_child=-1 11 3 8 5 6 -4 -6 -3 -10 -5 -2 -13 -14
right_child=1 2 4 10 7 -7 -8 -9 9 -11 -12 12 13 -15
leaf_value=-0.0022747153315656947 0.0060262850615727974 0.0066751615998328594 0.013488154964575883 0.00085189158977303436 0.00041530730977302181 -0.00048411069282845286 0.00044271242086782551 0.0062469339069675545 -0.0080033786351283928 0.0095349183715285214 -0.012986495889221236 -0.011068908555068211 0.0015558880673106953 -0.0058422666046164693
leaf_weight=442.69218210875988 18.705113068223 37.858801499009132 61.704942315816879 15.529118418693541 245.74140879511833 36.329927861690521 22.093758344650269 88.957542404532433 33.901091083884239 12.697467386722563 20.759496882557869 18.863292351365089 78.591538220643997 53.932236105203629
leaf_count=1887 86 164 283 63 1093 181 94 435 160 63 89 81 370 227
internal_value=4.6384e-05 0.00143036 0.00242734 -0.00138011 0.00344215 0.00712637 0.0102673 0.00203439 0.00160404 -0.00276357 -0.00767856 -0.00191628 -0.00305894 -0.00155783
internal_weight=1188.36 745.666 575.574 120.746 454.828 120.129 83.7987 334.699 84.4574 46.5986 36.2886 170.092 151.387 132.524
internal_count=5276 3389 2625 539 2086 558 377 1528 387 223 152 764 678 597
is_linear=0
shrinkage=0.02


Tree=105
num_leaves=15
num_cat=0
split_feature=3 7 18 2 13 16 11 7 2 0 8 9 3 16
split_gain=12.9218 7.00809 6.26955 5.91714 6.93409 5.20572 10.5416 6.68779 4.61119 8.8641 5.02011 4.47462 4.04254 9.18637
threshold=-6.3140681003584218 110.77871939736347 13.114417102056214 109.50862316757691 105.35812356979406 115.52951055391691 0.61834733893557436 119.17063492063494 111.80196078431375 0.57238095238095255 4.110555555555556 0.68333333333333346 -9.7453703703703685 109.15621438664063
decision_type=2 2 2 2 2 2 2 2 2 2 2 2 2 2
left_child=12 2 -2 4 -4 7 11 -3 10 -10 -5 -7 13 -1
right_child=1 5 3 8 -6 6 -8 -9 9 -11 -12 -13 -14 -15
leaf_value=0.010335865740275908 -0.0034777666151061906 0.0026346945899962931 -0.0036717038503159046 -0.00021226330188340588 0.0074332400265817566 -0.010893333592173258 0.0099144981896799184 0.010318810007029351 0.0047845292436613151 -0.0091293456972064112 -0.012097122203377169 0.00020670888655324339 -0.0059224101634066662 -0.0074644527178520659
leaf_weight=17.648824214935303 176.37528067827225 466.68533031642437 26.610147774219513 30.77050869166851 84.522232353687286 30.828656241297722 16.657424166798592 46.32436315715313 69.9639732837677 19.32593497633934 21.718955636024475 24.125147208571434 143.119893014431 18.873811319470406
leaf_count=76 746 2129 112 133 381 127 68 241 288 83 90 99 648 88
internal_value=0.000422039 0.00130254 -0.000634676 0.00137702 0.00473061 0.00271836 -0.00221313 0.00342147 -0.00132326 0.00144859 -0.00575436 -0.00640949 -0.00444825 0.00134602
internal_weight=1193.55 1013.91 429.287 252.912 111.132 584.621 71.6112 513.01 141.779 89.2899 52.4895 54.9538 179.643 36.5226
internal_count=5309 4497 1833 1087 493 2664 294 2370 594 371 223 226 812 164
is_linear=0
shrinkage=0.02


Tree=106
num_leaves=15
num_cat=0
split_feature=12 15 5 17 1 9 18 14 14 15 1 12 14 18
split_gain=10.3439 7.85338 6.06407 4.44634 5.39468 6.30872 4.90343 6.77101 6.07587 6.59028 5.4495 5.13619 4.49151 5.24047
threshold=11.844129554655872 105.3362327347846 0.35339366515837112 14.655611597853833 110.21846590909092 0.58571428571428574 13.659290227241176 119.22500000000001 116.6711711711712 116.27630249945794 108.76689497716897 -6.935596740800106 104.34313725490198 11.986514490067837
decision_type=2 2 2 2 2 2 2 2 2 2 2 2 2 2
left_child=1 2 -1 6 -5 -6 8 -8 11 10 -10 -3 -13 -14
right_child=-2 3 -4 4 5 -7 7 -9 9 -11 -12 12 13 -15
leaf_value=0.0027235016907928289 0.0092206218200700692 -0.0070662899662261936 -0.0056114234193191592 -0.0017136772754395339 0.0015659673440403335 0.01474888306723734 0.0010060713402180361 0.010531113375092636 0.0049368748286035668 0.0057711296765194722 -0.007111420978194942 -0.0069120964065929255 -0.0039598622028262096 0.0027361216123428255
leaf_weight=41.325186029076576 42.981970399618149 29.6043930798769 155.51611073315144 32.201319009065628 30.832372307777405 24.908310770988464 279.96337547898293 28.628559157252312 13.411500200629233 18.595767825841904 126.17060761153698 21.666333079338074 51.576275780797005 274.24803811311722
leaf_count=176 267 132 687 140 141 106 1251 124 59 80 532 99 222 1197
internal_value=0.000125459 -0.000260049 -0.00383746 0.000512115 0.00466393 0.00818605 5.45165e-05 0.00204355 -0.00110049 -0.00432497 -0.00582309 0.000290968 0.00100911 0.00163235
internal_weight=1171.63 1128.65 196.841 931.807 87.942 55.7407 843.865 308.592 535.273 158.178 139.582 377.095 347.491 325.824
internal_count=5213 4946 863 4083 387 247 3696 1375 2321 671 591 1650 1518 1419
is_linear=0
shrinkage=0.02


Tree=107
num_leaves=15
num_cat=0
split_feature=12 0 7 17 0 0 7 13 8 8 0 15 10 15
split_gain=12.0184 9.58219 7.62036 7.04375 6.16052 5.99106 4.70181 6.10484 5.36836 5.26764 4.81717 4.26233 7.18375 5.24769
threshold=3.5423530673530679 0.43792808219178087 119.35098522167489 12.47071272297646 0.64956140350877212 0.58863819500402914 114.86947648624668 112.37980769230771 -4.6626016260162588 -0.64243062873199852 0.7071068124474349 105.3362327347846 0.267948717948718 105.67778897883677
decision_type=2 2 2 2 2 2 2 2 2 2 2 2 2 2
left_child=2 -2 11 4 5 -3 7 -5 -9 -10 -8 12 -1 -13
right_child=1 3 -4 6 -6 -7 10 8 9 -11 -12 13 -14 -15
leaf_value=0.0016077873716347933 -0.006578743863433793 5.1289413718082541e-05 0.0080239356822429074 0.0071626756896041414 0.00624316222218157 -0.014887155184310925 0.011840270801454937 0.0079675297557763418 -0.010427817077615524 0.0017146632339236699 -0.0013285476442970439 0.008287493909415234 -0.0069449241322104118 -0.0012690195528631942
leaf_weight=53.992363259196281 31.494059205055237 26.421373575925827 28.688541233539581 80.623012363910675 21.227890148758888 13.052739724516867 65.934930548071861 15.24601826071739 21.939691781997681 27.901518493890762 12.053428992629049 18.866664797067642 124.86343885958195 653.906245470047
leaf_count=242 138 133 119 418 112 65 355 86 108 135 69 80 540 2726
internal_value=-0.00012592 0.00319059 -0.00132732 0.0043674 -0.00157373 -0.00600669 0.00597872 0.00365001 -0.000901682 -0.00409377 0.00984756 -0.00168733 -0.00438955 -0.000941864
internal_weight=1196.21 315.895 880.317 284.401 60.702 39.4741 223.699 145.71 65.0872 49.8412 77.9884 851.629 178.856 672.773
internal_count=5326 1619 3707 1481 310 198 1171 747 329 243 424 3588 782 2806
is_linear=0
shrinkage=0.02


Tree=108
num_leaves=15
num_cat=0
split_feature=3 10 13 3 10 14 0 15 3 3 9 7 2 0
split_gain=11.4905 7.06079 5.38722 9.00707 7.57907 6.76709 6.6493 9.38806 8.47204 8.27882 5.8252 6.18067 6.78063 6.35584
threshold=-6.3140681003584218 0.79057017543859665 112.34807692307693 0.37689393939393945 0.37321428571428578 117.10960960960962 0.43364779874213844 111.10798953248818 -0.94058823529411761 -3.1009090909090902 0.78888888888888908 111.25681003584229 114.01028571428573 0.50926243567753005
decision_type=2 2 2 2 2 2 2 2 2 2 2 2 2 2
left_child=-1 2 3 4 -2 -5 9 8 -8 -4 11 -9 -13 -14
right_child=1 -3 6 5 -6 -7 7 10 -10 -11 -12 12 13 -15
leaf_value=-0.0046039554146569709 0.0065836215489554718 0.0047872124077455889 -0.0036627254506646305 0.0062681865162248877 -0.0020812456838437826 -0.0033451349219092651 0.0029797439851420283 -0.0074033784018525152 -0.011651914384889692 0.01057970339000008 0.0073602707123417398 -0.003891109585539091 -0.0022758078875786663 0.009549186621229647
leaf_weight=174.60410778224468 42.969129756093025 151.79525054991245 26.250427156686783 170.01232904195786 251.5745924860239 31.878014847636223 18.238843336701393 52.815269604325294 64.248919859528542 31.073669075965881 26.433761477470398 68.637553095817566 28.38119113445282 38.738620832562447
leaf_count=792 179 736 109 794 1058 135 78 225 278 130 108 325 122 175
internal_value=5.68527e-05 0.000886988 0.000167607 0.00150661 -0.000728388 0.00470611 -0.00170072 -0.00290629 -0.00843131 0.00428706 -0.000643163 -0.00192621 0.000391932 0.00473794
internal_weight=1177.65 1003.05 851.252 496.434 294.544 201.89 354.818 297.494 82.4878 57.3241 215.006 188.573 135.757 67.1198
internal_count=5244 4452 3716 2166 1237 929 1550 1311 356 239 955 847 622 297
is_linear=0
shrinkage=0.02


Tree=109
num_leaves=15
num_cat=0
split_feature=10 9 18 8 18 4 14 8 8 5 8 14 14 9
split_gain=9.34731 7.18123 6.04551 8.22959 6.59494 5.23856 9.60189 7.14944 6.74405 4.82724 4.70904 4.3218 6.65325 5.45599
threshold=0.77032967032967048 0.41428571428571431 13.714640812314451 -0.59850746268656707 13.902460519176209 0.58571428571428574 104.70714285714287 -5.0328205128205115 0.059714795008912663 0.551981471950592 -3.3492307692307688 116.50925925925928 116.09808612440193 0.58571428571428574
decision_type=2 2 2 2 2 2 2 2 2 2 2 2 2 2
left_child=1 5 11 10 -5 -1 -7 -8 -9 -6 -4 12 -3 -13
right_child=-2 2 3 4 9 6 7 8 -10 -11 -12 13 -14 -15
leaf_value=-0.00047466795620928755 0.0039105032235089597 -0.0029929644380397393 0.0017784130160182756 0.011396111091620021 0.0068955665825981751 -0.0076036394837767111 0.014045218496669802 -0.0017177206472085557 0.010182868518549963 -0.0013335613095564048 -0.010789153042505819 -0.01377612107728673 0.0088036529388088956 -0.0041455199196749701
leaf_weight=252.92783646285534 178.42250137031078 263.76115667819977 16.272045403718948 23.258040010929108 33.242220029234886 17.887727156281471 31.889910995960236 46.393707364797592 25.993321046233177 107.751329600811 29.655271425843239 28.206288903951645 15.784352362155913 109.68389518558979
leaf_count=1116 865 1132 76 99 142 92 183 215 111 455 130 120 67 466
internal_value=-0.000243421 -0.000998309 -0.00229996 0.000461487 0.00257234 0.00118126 0.00449353 0.00682164 0.00293745 0.000776342 -0.00659902 -0.00367936 -0.00218388 -0.00652864
internal_weight=1181.13 1002.71 627.615 210.179 164.252 375.093 122.165 104.277 72.387 140.994 45.9273 417.436 279.546 137.89
internal_count=5269 4404 2687 902 696 1717 601 509 326 597 206 1785 1199 586
is_linear=0
shrinkage=0.02


Tree=110
num_leaves=15
num_cat=0
split_feature=0 16 10 6 18 1 11 14 16 16 3 6 14 1
split_gain=13.1192 9.45513 6.36122 6.33609 7.62759 6.47679 6.42634 5.66235 5.58911 5.17725 5.5629 5.09707 4.45442 5.71208
threshold=0.41223155929038285 110.2584273933894 0.77346041055718484 111.73174603174606 13.099154993685429 105.82766531713902 0.36754385964912284 110.17914438502676 106.98454091454163 107.82889413462392 -1.4673758865248223 105.95713410900184 113.43167701863355 111.48423645320197
decision_type=2 2 2 2 2 2 2 2 2 2 2 2 2 2
left_child=9 3 -3 4 6 -6 -2 11 -9 10 -1 -7 -5 -14
right_child=1 2 -4 12 5 7 -8 8 -10 -11 -12 -13 13 -15
leaf_value=-0.0016648076444945648 0.0037989916707007443 -0.0019727010646008276 0.0042427603667712348 0.012681145501198395 -0.0059477599266888267 0.0022972327157956126 -0.0069051346914045528 -0.0072832419819385428 0.0039092238543075352 -0.0050911829322538883 0.0099688336500972103 0.010287734092757461 0.0096304380216996281 -0.00060679631675917146
leaf_weight=104.54956167936325 31.592378690838814 337.20677629113197 76.684093654155731 37.22581559419632 20.496997132897377 56.880168855190277 55.596039235591888 21.673649996519089 48.94375716149807 215.17878204584122 14.344560548663138 80.039076685905457 35.935489147901535 45.458730787038803
leaf_count=439 158 1400 343 176 91 295 241 112 225 955 62 395 158 215
internal_value=5.27705e-05 0.00137574 -0.000784227 0.00342182 0.0018817 0.00378473 -0.00303085 0.00486326 0.000219626 -0.00327513 8.44573e-05 0.00716614 0.00727293 0.00420871
internal_weight=1181.81 847.733 413.891 433.842 315.222 228.034 87.1884 207.537 70.6174 334.073 118.894 136.919 118.62 81.3942
internal_count=5265 3809 1743 2066 1517 1118 399 1027 337 1456 501 690 549 373
is_linear=0
shrinkage=0.02


Tree=111
num_leaves=15
num_cat=0
split_feature=12 0 17 0 0 0 0 0 4 17 14 14 16 16
split_gain=8.13212 8.26925 6.59487 6.09907 5.35063 5.21075 5.69544 4.81407 4.05376 5.59854 4.03079 5.9328 4.0368 5.16228
threshold=3.2236301961801055 0.44033898305084751 12.47071272297646 0.66894977168949776 0.63003220611916277 0.6540835707502376 0.6894221808014912 0.58863819500402914 0.68333333333333346 14.239965699310227 119.51000000000001 118.6720430107527 115.52951055391691 116.14955841129016
decision_type=2 2 2 2 2 2 2 2 2 2 2 2 2 2
left_child=5 -2 3 7 -4 10 -7 -3 9 -6 11 12 -1 -14
right_child=1 2 4 -5 8 6 -8 -9 -10 -11 -12 -13 13 -15
leaf_value=-0.0015790762780060316 -0.0059044861722003048 -0.00037275809990175093 0.0081530412617334871 0.0060769663636126075 -0.0079304048524457601 0.0097735155820133559 -0.0017352156074365297 -0.012925787768320991 0.0044245832378794845 0.0064680340185380948 0.0017271576114143543 -0.011154504791356473 -0.01522109433403904 -6.5052138360713647e-05
leaf_weight=626.45441210269928 38.639247357845306 27.97602766752243 108.85365444421768 20.693433970212936 25.977864652872086 28.967925220727921 32.272402629256248 17.13044872879982 80.898139908909798 12.091987922787665 107.24125230312347 24.74141925573349 15.187240019440653 16.283601298928261
leaf_count=2641 170 141 557 107 136 122 135 84 432 64 451 105 64 69
internal_value=-0.000339131 0.00229296 0.00345251 -0.00200858 0.00503906 -0.00137401 0.00403546 -0.00595423 0.0019759 -0.00313712 -0.00181614 -0.00238127 -0.00196971 -0.0084631
internal_weight=1183.41 332.261 293.622 65.7999 227.822 851.148 61.2403 45.1065 118.968 38.0699 789.908 682.667 657.925 31.4708
internal_count=5278 1691 1521 332 1189 3587 257 225 632 200 3330 2879 2774 133
is_linear=0
shrinkage=0.02


Tree=112
num_leaves=15
num_cat=0
split_feature=7 0 17 17 16 14 17 7 0 7 10 15 11 18
split_gain=10.1199 4.85766 5.5786 7.10125 4.48838 4.27812 4.75785 3.9698 6.90236 4.13554 5.03749 4.76396 4.56642 3.93043
threshold=120.01282051282053 0.34514106583072107 11.231885360338943 11.683047580357687 107.94623564300632 120.22556390977445 15.615870366563358 113.50786895284753 0.25949975949975951 109.84590643274855 0.34549071618037142 104.73456140315402 0.55086206896551737 14.576713004787596
decision_type=2 2 2 2 2 2 2 2 2 2 2 2 2 2
left_child=1 5 -3 -4 -5 6 7 9 -9 10 11 12 -1 -6
right_child=-2 2 3 4 13 -7 -8 8 -10 -11 -12 -13 -14 -15
leaf_value=0.0036397750690018143 0.0083870794477588287 -0.0094325887974329933 0.0096183210834343488 0.0024909674806582287 -0.0010726057909840475 -0.01145834216064316 0.0049526782943345241 0.007764789872260305 -0.0058509928878040397 -0.0093667909550475877 -0.010234516600679618 0.0096186592977384258 -0.010097078198875174 0.0044103436030625068
leaf_weight=17.532117232680324 54.23516970872879 17.009275436401367 29.831189930438995 277.13385757803917 551.25207081437111 16.006335183978081 29.728798300027847 26.104004949331284 23.737220585346222 48.543926194310188 13.880032822489737 14.834986120462416 12.49718429148197 52.786499872803688
leaf_count=80 270 73 131 1338 2341 75 129 114 102 218 61 69 61 229
internal_value=0.000328768 -9.29143e-05 0.000523485 0.000759847 0.000407376 -0.00285743 -0.00184126 -0.00323976 0.00133795 -0.00533124 -0.00152328 0.00192778 -0.00270227 -0.000561181
internal_weight=1185.11 1130.88 928.013 911.004 881.172 202.865 186.858 157.129 49.8412 107.288 58.7443 44.8643 30.0293 604.039
internal_count=5291 5021 4112 4039 3908 909 834 705 216 489 271 210 141 2570
is_linear=0
shrinkage=0.02


Tree=113
num_leaves=15
num_cat=0
split_feature=12 9 15 13 1 9 11 7 13 11 5 1 13 13
split_gain=12.3753 5.61794 5.54734 5.47163 9.29208 5.28045 7.48324 6.4687 5.83153 6.36167 5.1828 5.00331 4.99409 4.54942
threshold=1.8054315476190477 0.23611111111111113 115.83386651089596 112.0983870967742 111.66987179487181 0.73214285714285732 0.51668520578420474 107.74823943661973 115.10555555555557 0.39736842105263165 0.7181292885518239 115.00769230769232 116.19375000000001 113.7379862700229
decision_type=2 2 2 2 2 2 2 2 2 2 2 2 2 2
left_child=2 11 3 4 10 6 7 -5 -9 -10 -1 -2 -13 -8
right_child=1 -3 -4 5 -6 -7 13 8 9 -11 -12 12 -14 -15
leaf_value=-0.001470225043253847 0.0095323293249917097 0.0012824976498501451 0.0060444081486816358 -0.012526064033500183 0.0039719227946127776 0.0013671522478423451 -0.003731789865894803 -0.0038893417207356536 0.013120482449989422 -0.0026699440923617459 -0.0084484466184392721 -0.0075145262600327337 0.0076689838106975437 -0.014758430552793663
leaf_weight=344.43117567896843 65.939026355743408 325.84029132127762 30.60631887614727 16.824240133166313 116.35868653655052 46.088700890541077 28.058688431978226 64.463350161910057 16.450200542807579 16.792849376797676 44.214005306363106 14.129807993769647 10.873472601175306 43.0448027998209
leaf_count=1472 343 1575 125 69 485 191 117 267 68 69 192 73 64 177
internal_value=-0.000199018 0.002557 -0.00170283 -0.00206326 -0.000877439 -0.00457444 -0.00604677 -0.00267954 -0.000456792 0.0058377 -0.00236133 0.00681864 -0.000733854 -0.0109382
internal_weight=1184.12 416.783 767.333 736.727 505.004 231.723 185.634 114.531 97.7064 33.243 388.645 90.9423 25.0033 71.1035
internal_count=5287 2055 3232 3107 2149 958 767 473 404 137 1664 480 137 294
is_linear=0
shrinkage=0.02


Tree=114
num_leaves=15
num_cat=0
split_feature=12 12 18 18 4 14 14 18 18 11 16 14 16 16
split_gain=8.99662 6.31157 3.87695 5.07164 4.52138 4.89347 5.43331 8.37188 5.55912 7.18061 4.94281 7.03796 4.7236 4.61672
threshold=11.844129554655872 -14.813430012610338 13.114417102056214 12.961711789100283 0.15476190476190479 113.36753246753248 119.3514705882353 13.574735934954676 13.871517878164743 0.55409356725146208 108.50288194398011 117.10960960960962 110.55302935748156 111.3446678223614
decision_type=2 2 2 2 2 2 2 2 2 2 2 2 2 2
left_child=1 -1 3 -3 -4 -6 8 -8 10 -10 -7 12 -12 -11
right_child=-2 2 4 -5 5 6 7 -9 9 13 11 -13 -14 -15
leaf_value=-0.0096361208414794119 0.0085176264597282714 -0.00049948745369061487 -0.0057246189937929749 -0.0067158771942946649 0.0030891176784025322 -0.0078289850524813891 -0.0066361769858819409 0.0094872769425458654 -0.0079459808732556328 0.0095072795987805499 -0.0011169712733776383 -0.0038732102894407225 0.010039706722077515 -0.0043145491747396446
leaf_weight=22.394187241792679 44.979923829436302 409.37651218473911 32.063138514757156 55.397819384932518 335.16088283061981 15.605333939194677 14.113833397626875 38.987987041473389 80.212482199072838 15.05274321138859 20.638127997517586 35.832370057702065 44.07832196354866 14.490793853998182
leaf_count=108 285 1770 141 241 1516 69 60 168 351 63 90 152 188 61
internal_value=0.000213223 -0.000152306 8.11712e-05 -0.00130403 0.00107977 0.00147836 -0.000476869 0.00499956 -0.00184453 -0.0049718 0.00119372 0.00289859 0.00665689 0.0030846
internal_weight=1178.38 1133.4 1111.01 464.774 646.236 614.173 279.012 53.1018 225.91 109.756 116.154 100.549 64.7164 29.5435
internal_count=5263 4978 4870 2011 2859 2718 1202 228 974 475 499 430 278 124
is_linear=0
shrinkage=0.02


Tree=115
num_leaves=15
num_cat=0
split_feature=7 3 16 5 2 2 2 12 7 11 16 12 13 12
split_gain=9.37955 8.76479 4.78455 7.43506 4.65165 4.16197 6.44565 4.84324 5.05511 5.10288 9.90527 5.89472 10.1755 8.98711
threshold=119.17063492063494 0.45566778900112237 115.29846345979145 0.6583822167335599 117.43952922077924 118.73128342245992 119.23538461538463 -10.833115695040796 116.95105633802818 0.48331479421579543 107.48018504114405 0.34597970335675265 110.65821566110399 1.881970646101552
decision_type=2 2 2 2 2 2 2 2 2 2 2 2 2 2
left_child=1 5 -3 -4 -2 7 -7 -1 9 11 -11 12 -9 -13
right_child=4 2 3 -5 -6 6 -8 8 -10 10 -12 13 -14 -15
leaf_value=-0.0081222275643017903 0.0098515315214429949 0.0018915171237201679 -0.011487233446899264 0.0029425788341502085 -0.0016371533613427115 0.012366522398921487 -0.0011315978146904983 -0.0010690749982382834 -0.0082862763771366262 0.006139994704348165 -0.0059564568074697444 -0.012431798855897701 0.0088536626197671612 0.00087460100449996217
leaf_weight=58.35542905330658 47.363296315073967 456.24670983850956 23.51755653321743 25.390119299292564 17.538947448134422 13.702284187078474 55.311068385839462 115.98230150341988 44.096271187067032 28.337799966335297 155.51736854016781 26.680518731474876 58.459050133824348 54.876505330204964
leaf_count=274 243 2120 96 103 80 60 245 489 192 117 651 110 239 253
internal_value=-0.000257523 -0.000699506 0.00124334 -0.00441797 0.00685184 -0.00230201 0.00220277 -0.00289017 -0.00218267 -0.00148452 -0.00397882 0.000348769 0.00241029 -0.00394512
internal_weight=1181.38 1116.47 505.154 48.9077 64.9022 611.319 69.0134 542.305 483.95 439.854 183.855 255.998 174.441 81.557
internal_count=5272 4949 2319 199 323 2630 305 2325 2051 1859 768 1091 728 363
is_linear=0
shrinkage=0.02


Tree=116
num_leaves=15
num_cat=0
split_feature=12 7 18 15 15 15 1 1 14 16 13 14 7 13
split_gain=8.79442 6.15069 5.86195 8.38016 8.01392 6.37033 4.36903 4.94884 4.67473 5.96378 5.55783 5.42956 4.69695 4.80778
threshold=11.844129554655872 112.00384615384617 13.114417102056214 105.55562129522229 102.45417259655326 107.03165809563865 116.40161290322582 115.45742753623189 114.32466216216217 110.2042276936324 107.47809523809526 115.08054054054055 116.95105633802818 111.01282051282053
decision_type=2 2 2 2 2 2 2 2 2 2 2 2 2 2
left_child=2 -2 -1 4 -4 -5 7 8 9 10 -7 -10 13 -13
right_child=1 -3 3 5 -6 6 -8 -9 11 -11 -12 12 -14 -15
leaf_value=-0.0026295116740908259 -0.0033551854675424159 0.011766355397993042 0.0035509883779296166 0.0073549189144193686 -0.0066598389951041349 -0.0023344247715035896 0.0047179948667905999 -0.0071370394460665834 -0.011386081923035047 -0.0039881878023188952 0.00601773715539663 -0.0026666879508996382 -0.0079275219966064119 0.0058934810431132568
leaf_weight=462.66214154660702 12.479050651192663 32.530483558773994 38.927889183163643 59.827330216765404 105.66467499732971 39.049849942326546 80.91457587480545 32.905731305480003 17.447616338729858 42.959132179617882 126.62667520344257 51.486199110746384 22.539125055074692 44.464175805449486
leaf_count=2012 73 215 172 262 462 178 367 145 76 183 591 217 100 186
internal_value=-0.000553995 0.00765757 -0.000914804 0.000292836 -0.00388403 0.00148423 0.000646926 -0.000275998 0.000471923 0.00233104 0.00403842 -0.00236291 -0.000627032 0.00139559
internal_weight=1170.48 45.0095 1125.48 662.813 144.593 518.22 458.393 377.479 344.573 208.636 165.677 135.937 118.489 95.9504
internal_count=5239 288 4951 2939 634 2305 2043 1676 1531 952 769 579 503 403
is_linear=0
shrinkage=0.02


Tree=117
num_leaves=15
num_cat=0
split_feature=10 12 16 16 17 7 7 3 3 11 8 16 13 18
split_gain=9.39017 7.98801 7.09774 6.72873 5.66296 4.10995 7.46177 4.30761 6.62961 5.78676 7.97701 4.34882 4.00258 3.99727
threshold=0.78679653679653694 5.3596479500891272 102.72304923209954 109.15621438664063 11.872806972024202 119.17063492063494 117.14608739837401 -6.4939316675165726 -9.7453703703703685 0.25320512820512825 0.45152073732718895 109.77632682415948 102.35416666666667 13.049538906044555
decision_type=2 2 2 2 2 2 2 2 2 2 2 2 2 2
left_child=1 4 -3 -4 13 6 7 8 11 10 -9 -6 -10 -1
right_child=-2 2 3 -5 5 -7 -8 9 12 -11 -12 -13 -14 -15
leaf_value=-0.00071636178144846171 0.0049874568832582924 -0.0045108342733490275 0.0083684601746516311 -0.0022208724841976794 0.0093141651085201071 0.0051797219150405052 -0.009458130756795656 -0.00020674183449181243 0.00078822973344275693 -0.001057643701438776 0.016029419297487864 -0.0040145849099505436 -0.008274164661131761 0.009466693107280667
leaf_weight=27.090440735220909 153.30140402913094 28.800606191158295 95.799041450023651 29.137985810637474 16.74427688121796 31.133680120110512 42.208569541573524 31.5008395165205 23.495532155036926 539.90904708206654 14.53156930208206 13.874858051538466 89.997459575533867 28.888270929455757
leaf_count=111 750 154 516 150 73 132 176 137 108 2244 62 67 418 120
internal_value=0.000457271 -0.000249352 0.00387588 0.00590837 -0.00100548 -0.00144352 -0.00174214 -0.00123473 -0.00427067 -0.000458228 0.00598705 0.00355862 -0.00644396 0.00488402
internal_weight=1166.41 1013.11 153.738 124.937 859.375 803.396 772.262 730.054 144.112 585.941 46.0324 30.6191 113.493 55.9787
internal_count=5218 4468 820 666 3648 3417 3285 3109 666 2443 199 140 526 231
is_linear=0
shrinkage=0.02


Tree=118
num_leaves=15
num_cat=0
split_feature=12 10 4 18 10 7 18 0 0 16 10 10 1 1
split_gain=9.60695 5.78061 5.61158 9.0667 8.10943 6.69673 5.17408 5.61658 4.25231 6.11725 4.10086 5.25021 3.9708 5.41207
threshold=11.844129554655872 0.69098143236074283 0.31666666666666671 14.242294046186744 0.63060428849902539 119.83176470588238 14.050257583650966 0.52667140825035574 0.20126582278481017 109.15621438664063 0.59175084175084181 0.51787994891443179 109.58898944193064 117.35653753026635
decision_type=2 2 2 2 2 2 2 2 2 2 2 2 2 2
left_child=2 -2 4 6 5 8 -4 -8 9 -1 11 -5 -12 -14
right_child=1 -3 3 10 -6 -7 7 -9 -10 -11 12 -13 13 -15
leaf_value=0.0078838635415535742 -0.0026285128380985467 0.012437275557074738 -0.00078786235017644281 0.0027469973464460092 0.0071373868400412682 0.0068951941431208861 0.00050603257483297832 -0.013624906418680064 -0.0062896203121446878 -0.0065288635839545559 -0.0058854687717113741 0.012946176932183853 0.0057685580157400855 -0.0062612799351863735
leaf_weight=19.062364161014557 12.273304954171179 29.701957181096077 623.83190639317036 57.543081820011139 22.297902569174767 15.413828626275061 18.7278972864151 21.9344482421875 212.53545191884041 18.145139425992966 22.085680976510048 29.532181471586227 57.505700021982193 15.178588435053824
leaf_count=83 73 197 2733 249 94 66 81 98 927 86 101 133 270 72
internal_value=-0.000647512 0.00822124 -0.00101051 -0.000184096 -0.00339892 -0.00440065 -0.00127022 -0.00777385 -0.00521947 0.000914362 0.00371258 0.0067213 0.000749845 0.00301508
internal_weight=1175.77 41.9753 1133.79 846.339 287.455 265.157 664.494 40.6623 249.743 37.2075 181.845 87.0753 94.77 72.6843
internal_count=5263 270 4993 3737 1256 1162 2912 179 1096 169 825 382 443 342
is_linear=0
shrinkage=0.02


Tree=119
num_leaves=15
num_cat=0
split_feature=10 5 15 17 7 3 0 3 0 3 17 10 7 7
split_gain=7.77864 7.47557 6.99172 8.36456 6.08407 5.79683 7.83513 7.03533 6.97219 5.62114 6.05566 5.2486 5.01796 6.75189
threshold=0.51389961389961403 0.31866537717601556 105.3362327347846 14.655611597853833 120.39166666666669 1.3675438596491232 0.38516483516483524 -0.94058823529411761 0.20126582278481017 3.3429276315789478 12.42279086723112 0.62115563839701782 108.7400586510264 115.17000000000002
decision_type=2 2 2 2 2 2 2 2 2 2 2 2 2 2
left_child=4 9 -3 -4 5 6 8 12 -1 10 -2 -12 -8 -14
right_child=1 2 3 -5 -6 -7 7 -9 -10 -11 11 -13 13 -15
leaf_value=0.003660938659462167 -0.0069446420704013748 -0.0076904633929358469 0.00070672945928789918 0.009234762513602876 0.0079947114785297122 -0.010778142699104366 -0.0025555000702191916 -0.0029958301929220803 -0.0051969984958686686 0.013721839656901864 0.012666802474002209 -0.00076392605417468194 0.011074754357592958 -0.002302606781673685
leaf_weight=38.953494235873222 13.816800758242605 30.744986683130264 557.22753576934338 45.26763916015625 19.970981940627098 24.428983122110367 22.49425345659256 66.36764994263649 207.6160900592804 28.146592244505882 20.597085848450661 20.359171435236931 53.308417320251465 18.319702655076981
leaf_count=178 75 130 2444 201 88 107 94 284 920 186 109 114 223 79
internal_value=0.000394036 0.00168572 0.000919179 0.0014182 -0.00165101 -0.00218392 -0.00154363 0.00186107 -0.00375266 0.00715445 0.0029141 0.00663371 0.00526414 0.00772635
internal_weight=1167.62 716.16 633.24 602.495 451.46 431.489 407.06 160.49 246.57 82.9197 54.7731 40.9563 94.1224 71.6281
internal_count=5232 3259 2775 2645 1973 1885 1778 680 1098 484 298 223 396 302
is_linear=0
shrinkage=0.02


Tree=120
num_leaves=15
num_cat=0
split_feature=3 12 15 10 4 9 2 13 13 18 14 3 6 17
split_gain=7.94234 5.80301 4.57354 6.1531 4.70127 4.42479 5.83325 7.33875 5.23978 4.61829 4.31573 5.55358 4.12467 4.0468
threshold=-6.3140681003584218 9.4409214884083408 108.4392878842239 0.28759398496240607 0.38750000000000007 0.73214285714285732 103.44017094017094 104.32466216216217 110.84292763157896 13.016018582610359 105.85044642857144 0.56173780487804892 102.94147727272728 13.56948045195195
decision_type=2 2 2 2 2 2 2 2 2 2 2 2 2 2
left_child=2 5 3 -1 -5 6 -2 -8 9 -7 11 13 -3 -9
right_child=1 12 -4 4 -6 8 7 10 -10 -11 -12 -13 -14 -15
leaf_value=0.0011919271456042836 -0.0095189889685911074 -0.0034972389352665449 -0.01199793980442247 -0.010024950950547123 -6.4899967917800817e-05 0.0053133003275928252 0.0069727606260197644 0.0043995343003650584 0.0069305884405755037 -0.0052818128696744213 -0.0012417642384207964 0.011207758345335488 0.0073225671261283503 -0.0072877015742042464
leaf_weight=80.162980154156685 23.111675634980202 14.243143707513807 20.502550944685936 48.788156479597092 29.373758479952812 22.93692772090435 47.617156341671944 23.045959189534187 68.735176891088486 35.298833593726158 657.83920077979565 21.52176770567894 68.705472394824028 15.558884114027022
leaf_count=366 106 81 96 224 133 96 202 101 285 147 2853 102 424 67
internal_value=-0.000236697 0.000464365 -0.00405774 -0.00269369 -0.00651085 -6.92069e-06 -0.000570731 -0.000240586 0.00338419 -0.00101863 -0.000763907 0.00415823 0.00537149 -0.000606305
internal_weight=1177.44 998.614 178.827 158.325 78.1619 915.666 788.695 765.583 126.971 58.2358 717.966 60.1266 82.9486 38.6048
internal_count=5283 4464 819 723 357 3959 3431 3325 528 243 3123 270 505 168
is_linear=0
shrinkage=0.02


Tree=121
num_leaves=15
num_cat=0
split_feature=10 7 2 2 15 10 2 13 7 17 17 17 12 6
split_gain=8.25021 7.29033 7.32361 4.46727 3.82788 6.17319 4.48272 5.04332 3.95112 3.77896 11.6648 3.8799 10.461 5.20488
threshold=0.78679653679653694 119.35098522167489 108.56458333333335 115.84672830725462 105.55562129522229 0.34549071618037142 116.229020979021 104.32466216216217 104.22344827586208 11.231885360338943 11.683047580357687 12.18516817477907 -3.1972499999999995 117.54880952380954
decision_type=2 2 2 2 2 2 2 2 2 2 2 2 2 2
left_child=1 2 -1 -2 5 6 7 -4 -6 -10 -11 12 -12 -13
right_child=3 -3 4 -5 8 -7 -8 -9 9 10 11 13 -14 -15
leaf_value=0.0023932888917757768 0.0030891225685508662 0.0061838315256770721 0.0013896419750993357 0.013837093570859969 0.0066433852474802324 -0.010072542624025089 0.0060285607037371992 -0.0083566176080811724 -0.0095876514536888963 0.011181186781707935 0.0052606538222802748 -0.00035705155580634132 -0.011745588253648329 -0.0067345338855959993
leaf_weight=208.87204945087433 144.85722403228283 57.200489431619644 38.653716847300529 13.260105907917021 20.552546873688698 49.197599247097969 19.668288514018059 39.040413469076157 16.821859925985336 24.530389383435249 17.937446400523186 433.19497740268707 39.459219664335251 53.153318092226982
leaf_count=951 719 275 177 59 86 213 89 176 71 106 73 1882 172 225
internal_value=0.000210447 -0.000456347 -0.000881508 0.00438699 -0.00180065 -0.00464871 -0.0015499 -0.0037169 -0.00107903 -0.00140428 -0.00108053 -0.00173054 -0.00643518 -0.00111549
internal_weight=1176.4 1018.28 961.082 158.117 752.21 146.56 97.3624 77.6941 605.65 585.097 568.275 543.745 57.3967 486.348
internal_count=5274 4496 4221 778 3270 655 442 353 2615 2529 2458 2352 245 2107
is_linear=0
shrinkage=0.02


Tree=122
num_leaves=15
num_cat=0
split_feature=10 8 17 18 7 10 8 0 1 17 0 15 14 11
split_gain=8.48552 9.91349 7.58078 5.52551 5.87318 5.84993 5.91409 4.86635 6.78488 6.75764 5.6035 7.65599 7.86108 4.15417
threshold=0.6708333333333335 -4.8874999999999984 14.969400103740432 12.001911987335262 115.40824915824918 0.53033088235294124 0.77951388888888895 0.41728855721393038 104.89444444444446 15.042508965315813 0.58863819500402914 114.7377263522671 108.12771739130436 0.51389961389961403
decision_type=2 2 2 2 2 2 2 2 2 2 2 2 2 2
left_child=3 -2 -3 4 5 6 -1 8 -5 10 -9 12 -12 -10
right_child=1 2 -4 7 -6 -7 -8 9 13 -11 11 -13 -14 -15
leaf_value=-0.009628448264320983 0.010641660227386064 -4.3992433715992322e-05 0.010978532820552132 0.0030177280685591457 0.0041607124093856682 -0.01444773581870938 0.0048436389265628186 0.0021051824713998056 -0.0022985609211539954 -0.010686897155799624 -0.0099610959261934671 -0.013220595403237625 0.0053893778159512986 -0.0079212726103134474
leaf_weight=17.354537785053253 45.335335999727249 264.42831081151962 22.554802998900414 63.025090262293816 14.92477038502693 29.968750208616257 18.381556376814842 361.99383683502674 170.54079607129097 15.379954800009726 14.763987272977827 18.995288476347923 36.119525536894798 75.580526128411293
leaf_count=74 291 1197 104 282 64 124 83 1569 728 67 72 86 161 342
internal_value=-0.000231797 0.00244964 0.000995463 -0.00130461 -0.00612295 -0.00858791 -0.00250362 -0.000754157 -0.0026628 0.000579977 0.00109894 -0.00390624 0.000442665 -0.00414856
internal_weight=1169.35 332.318 286.983 837.029 80.6296 65.7048 35.7361 756.399 309.146 447.253 431.873 69.8788 50.8835 246.121
internal_count=5244 1592 1301 3652 345 281 157 3307 1352 1955 1888 319 233 1070
is_linear=0
shrinkage=0.02


Tree=123
num_leaves=15
num_cat=0
split_feature=7 0 17 1 0 3 18 17 13 6 10 17 9 11
split_gain=10.3296 9.66978 6.01425 5.40689 5.61282 6.89833 6.25048 6.49857 5.3575 5.25718 5.20642 5.06302 8.1584 5.13211
threshold=120.39166666666669 0.41223155929038285 11.231885360338943 105.39483451902258 0.69104278074866321 7.3914141414141428 15.282105045608521 11.683047580357687 112.60858585858587 120.80277777777779 0.78474903474903479 15.320287749318293 0.41428571428571431 0.21320346320346323
decision_type=2 2 2 2 2 2 2 2 2 2 2 2 2 2
left_child=1 11 -3 -4 6 8 7 -5 -6 -2 -9 12 13 -1
right_child=9 2 3 4 5 -7 -8 10 -10 -11 -12 -13 -14 -15
leaf_value=-0.0072820159320023158 0.012853274841574903 -0.0095681194383884279 -0.0059540323835721555 0.010924166906342991 -0.0011353927754780078 0.002719836587062719 0.010018453727692434 0.00040482289967361875 -0.013153889362105237 -0.0017085444263241069 0.0059850238840027771 0.0024120829460882159 -0.0071835982976295966 0.0024022596350075525
leaf_weight=24.391903921961784 31.126849263906479 17.171642079949379 37.563387170433998 23.434476882219315 30.427790760993958 46.113815635442734 32.438714638352394 527.16752637922764 26.023455172777176 12.192109093070028 71.754138574004173 47.87232418358326 162.58489100635052 80.749206557869911
leaf_count=103 165 74 162 102 148 241 165 2298 124 53 337 209 733 344
internal_value=-5.4194e-05 -0.000440285 0.000716762 0.00099735 0.00137891 -0.0028753 0.00206202 0.00157077 -0.00729527 0.00900216 0.00111738 -0.00338233 -0.00444367 -7.30014e-05
internal_weight=1171.01 1127.69 812.095 794.923 757.36 102.565 654.795 622.356 56.4512 43.319 598.922 315.598 267.726 105.141
internal_count=5258 5040 3651 3577 3415 513 2902 2737 272 218 2635 1389 1180 447
is_linear=0
shrinkage=0.02


Tree=124
num_leaves=15
num_cat=0
split_feature=7 8 7 14 11 0 7 13 0 2 13 7 1 15
split_gain=7.77013 5.76649 4.78791 7.25295 5.82269 6.30458 4.97232 4.97872 4.59898 4.33101 3.85539 6.28836 5.54928 8.6124
threshold=120.39166666666669 9.5306010928961751 117.14608739837401 110.4861003861004 0.49358974358974367 0.34021276595744687 113.3088664421998 105.35812356979406 0.25949975949975951 111.66894977168951 111.5857142857143 112.94097222222224 111.75204918032789 110.03458423897742
decision_type=2 2 2 2 2 2 2 2 2 2 2 2 2 2
left_child=1 2 4 -4 5 6 7 9 -8 -1 12 -12 13 -6
right_child=-2 -3 3 -5 10 -7 8 -9 -10 -11 11 -13 -14 -15
leaf_value=-0.0063377631759035935 0.0080413795731836997 -0.0078765656969738262 0.0062890228343532532 -0.0063178885654685667 0.00092837957965118231 0.00305687376448309 0.0096985555481429661 -0.0094427884643440308 -0.0038922517017181465 0.0067519433184764976 -0.004929336433774383 0.0035058479879282473 0.0056494408980032563 -0.0096318173085705103
leaf_weight=13.684791624546053 44.835225790739059 31.253054887056351 18.746195942163467 82.746833682060242 160.4562316685915 445.53845526278019 17.21327051520348 39.969678357243538 14.249930784106253 17.125431820750237 154.16966386139393 41.536864563822746 60.341117277741432 33.059396088123322
leaf_count=60 226 132 99 383 707 2056 75 176 61 76 650 178 258 138
internal_value=0.000312695 -2.80037e-05 0.000229891 -0.00380339 0.000657256 0.0020335 -0.0023606 -0.0051949 0.0038535 0.000864833 -0.00102358 -0.00309631 0.000603291 -0.00107284
internal_weight=1174.93 1130.09 1098.84 101.493 997.345 547.782 102.243 70.7799 31.4632 30.8102 449.563 195.707 253.857 193.516
internal_count=5275 5049 4917 482 4435 2504 448 312 136 136 1931 828 1103 845
is_linear=0
shrinkage=0.02


Tree=125
num_leaves=15
num_cat=0
split_feature=7 0 7 11 16 5 1 1 1 7 7 1 10 0
split_gain=8.02835 6.99841 7.28411 4.81921 4.66035 4.54658 4.74258 4.87394 5.26561 4.7159 4.59029 4.44885 8.71527 9.97668
threshold=119.17063492063494 0.37590579710144933 117.14608739837401 0.48683298683298687 105.99921002211366 0.51298920377867752 115.20227272727274 115.859126984127 116.85620300751881 106.89195357833658 113.84529914529917 108.81302966101696 0.63060428849902539 0.58863819500402914
decision_type=2 2 2 2 2 2 2 2 2 2 2 2 2 2
left_child=1 4 3 5 -1 6 9 -8 -9 -3 -10 -5 13 -13
right_child=-2 2 -4 11 -6 -7 7 8 10 -11 -12 12 -14 -15
leaf_value=0.001385354537714979 0.0064501890314163845 -0.0060611089005802908 -0.0058309163315966106 0.0036207740216825969 -0.0050314369548419384 0.0056453050216876913 -0.011821588185572449 0.0086121334249347776 -0.0089522517511657282 0.0032488565524256396 0.0035445694187812749 -0.0028840759866753311 0.0014468478664807355 -0.017294034989715049
leaf_weight=57.901510745286942 67.573554411530495 19.466227814555168 63.967763796448708 72.086991101503372 176.12156610190868 117.8256167024374 15.021137550473211 13.971134647727011 23.31090746819973 222.09365054965019 16.466136321425438 128.3553671091795 161.5262738019228 18.317998796701431
leaf_count=242 337 87 306 300 804 500 71 67 115 1065 81 527 692 76
internal_value=5.27812e-06 -0.000415581 0.000412887 0.000939731 -0.00344804 0.00238306 0.00107457 -0.00339786 -0.0002379 0.00239091 -0.00396092 -0.00069511 -0.00174627 -0.00519451
internal_weight=1174.01 1106.43 872.409 808.441 234.023 428.155 310.329 68.7693 53.7482 241.56 39.777 380.287 308.2 146.673
internal_count=5270 4933 3887 3581 1046 1986 1486 334 263 1152 196 1595 1295 603
is_linear=0
shrinkage=0.02


Tree=126
num_leaves=15
num_cat=0
split_feature=12 11 10 2 11 12 11 7 9 1 13 14 1 2
split_gain=6.94168 5.92444 4.53195 6.70153 6.95191 6.35379 5.76712 5.42531 5.33192 8.37813 5.20529 4.80128 4.78053 4.70711
threshold=11.844129554655872 0.31909090909090915 0.63060428849902539 105.39736842105265 0.45889639639639646 8.3658333333333346 0.27149877149877155 112.90205479452057 0.70714285714285718 114.4019230769231 111.8221343873518 112.34848484848486 111.61414392059554 115.94271260596118
decision_type=2 2 2 2 2 2 2 2 2 2 2 2 2 2
left_child=2 -2 3 -1 -5 13 -7 -8 10 11 12 -10 -6 -4
right_child=1 -3 5 4 8 6 7 -9 9 -11 -12 -13 -14 -15
leaf_value=0.0067955906532420488 0.011411419505313112 -0.0044000123752318742 0.0011915651726421557 -8.844511655756259e-05 -0.0046955360947680842 -0.014076360334316062 -0.007299045713915802 0.0082773054706948637 0.0056939615060415697 0.010722329692971625 -0.0089409773049853626 -0.006289696336326177 0.0039053440468827323 0.0085649912398941749
leaf_weight=32.24937316775322 30.097768098115921 9.9300214946269971 325.63932065665722 380.80982048809528 116.31609457731247 14.725764840841292 13.564731627702715 12.26433154940605 13.834310010075567 18.327534854412079 99.095422074198723 45.511178851127625 28.752997502684593 34.136491507291794
leaf_count=140 202 59 1443 1663 516 85 72 68 60 75 414 200 121 146
internal_value=-0.000267849 0.00743592 -0.000570898 -0.00150003 -0.0019261 0.00113219 -0.00593284 0.000239946 -0.00406586 0.00047981 -0.00549252 -0.00327075 -0.0029175 0.00199899
internal_weight=1175.26 40.0278 1135.23 734.897 702.647 400.331 40.5548 25.8291 321.838 77.673 244.165 59.3455 145.069 359.776
internal_count=5264 261 5003 3189 3049 1814 225 140 1386 335 1051 260 637 1589
is_linear=0
shrinkage=0.02


Tree=127
num_leaves=15
num_cat=0
split_feature=7 3 16 2 2 17 9 11 8 8 6 6 4 10
split_gain=8.8671 8.33013 6.14676 5.58094 5.66511 6.77841 5.38194 8.01394 8.28667 7.01381 5.83912 5.20998 4.45763 4.33403
threshold=120.39166666666669 -6.3140681003584218 109.15621438664063 108.30185185185188 104.47987117552337 12.35124200857453 0.73214285714285732 0.43875000000000003 0.26823725055432374 -0.86237373737373735 111.92422502870265 111.92422502870265 0.58571428571428574 0.23205128205128209
decision_type=2 2 2 2 2 2 2 2 2 2 2 2 2 2
left_child=1 13 3 4 -3 -6 7 9 -9 12 -11 -8 -4 -1
right_child=-2 2 6 -5 5 -7 11 8 -10 10 -12 -13 -14 -15
leaf_value=0.00078366119233036881 0.0082586004160585709 -0.00079067405014163639 -0.00967851327411773 0.00027258385124829187 -0.0048072264897480654 0.0094656906490152588 0.011285021970983281 -0.012004617087687628 -0.0026157687981883905 -0.0042424599397718294 0.0059858275356695035 0.00058199308827134037 0.0011775566144784551 -0.0065049009239420011
leaf_weight=42.807185471057892 43.084514036774635 44.716386467218399 26.409126862883568 258.74078714847565 12.341661334037779 89.978249117732048 17.963811695575714 40.789388507604599 239.65883322060108 24.647937104105949 97.634925022721291 90.533163070678711 27.326941773295403 120.07887525856495
leaf_count=197 217 222 113 1185 59 456 75 174 996 104 417 375 131 558
internal_value=-0.00015491 -0.000509535 0.000200864 0.00206499 0.00510641 0.00760036 -0.00114439 -0.00209551 -0.00416767 0.00122997 0.0038385 0.00277317 -0.00452749 -0.00462314
internal_weight=1176.71 1133.63 970.741 405.777 147.036 102.32 564.964 456.467 280.448 176.019 122.283 108.497 53.7361 162.886
internal_count=5279 5062 4307 1922 737 515 2385 1935 1170 765 521 450 244 755
is_linear=0
shrinkage=0.02


Tree=128
num_leaves=15
num_cat=0
split_feature=11 10 2 11 3 18 7 8 18 9 17 17 0 8
split_gain=8.70506 9.04895 5.4409 6.53225 6.13775 4.24778 4.59143 4.56401 6.10168 4.42292 4.17584 5.36447 4.89736 7.22359
threshold=0.48331479421579543 0.6708333333333335 118.86228448275864 0.58722109533468569 -7.0845238095238079 13.439623586846638 105.91199226305611 4.234210526315791 14.525339965303418 0.88194444444444453 14.937120729929388 15.374277045144742 0.34021276595744687 -2.0371237458193976
decision_type=2 2 2 2 2 2 2 2 2 2 2 2 2 2
left_child=1 10 4 -4 -2 9 -7 8 -8 -6 12 -12 13 -1
right_child=2 -3 3 -5 5 6 7 -9 -10 -11 11 -13 -14 -15
leaf_value=0.0022320082886100267 -0.0096469926162716917 0.0051585752248926135 -0.0034998602753371637 0.012266534847229704 -0.0042184827750578026 -0.004382799149521323 -0.0044808591390271936 0.0070708571224003336 0.0066019882522594863 0.0047459536686599874 -0.011528528618379559 0.00039744296028110682 0.0017263711670558132 -0.0087641107545890391
leaf_weight=43.581401407718658 40.579633221030235 179.04053504765034 16.437621012330055 17.540436893701553 243.47183702886105 48.864571675658226 50.344573095440865 48.139738127589226 26.026818200945854 20.0391915589571 22.369069382548332 32.905727475881577 339.10340093076229 43.884866625070572
leaf_count=180 201 932 75 78 1025 205 214 200 114 83 98 142 1516 201
internal_value=-0.000125784 0.00138609 -0.00207393 0.00516866 -0.00263756 -0.0018847 0.000541068 0.00256805 -0.000530316 -0.00346108 -5.42429e-05 -0.00498483 0.000635012 -0.0034607
internal_weight=1172.33 660.885 511.444 33.9781 477.466 436.887 173.376 124.511 76.3714 263.511 481.844 55.2748 426.57 87.4663
internal_count=5264 3069 2195 153 2042 1841 733 528 328 1108 2137 240 1897 381
is_linear=0
shrinkage=0.02


Tree=129
num_leaves=15
num_cat=0
split_feature=2 12 7 16 8 12 1 13 13 7 1 6 9 18
split_gain=5.91457 5.49966 4.72695 5.20527 6.0801 4.67483 4.75634 7.859 6.26901 5.27532 5.20576 4.36075 4.2328 4.12663
threshold=108.63436172591103 11.844129554655872 108.7400586510264 111.552916777204 1.0640868140868143 8.6534722222222253 110.3414278776105 104.57417582417584 111.62033462033465 113.50786895284753 106.9356906534326 112.99305555555557 0.29285714285714287 13.326204097669232
decision_type=2 2 2 2 2 2 2 2 2 2 2 2 2 2
left_child=2 5 13 4 12 6 7 11 -8 -9 -11 -2 -4 -1
right_child=1 -3 3 -5 -6 -7 8 9 -10 10 -12 -13 -14 -15
leaf_value=-0.0044697065999809646 0.0044811819172570202 0.0089129109455666038 0.010088978813752383 -0.001827584161666374 0.015418059900354924 -0.008466432712102314 0.0030491521022018987 -0.0081828242276198553 -0.0013610403965040776 -0.0091185097669657291 0.0031435003420101533 -0.0051727604609021118 0.0016115044142907737 0.0026755095105754152
leaf_weight=58.276021167635918 59.497172266244888 16.79244227707386 28.403920188546181 41.085771456360817 18.929776757955551 29.766307190060616 182.2581902295351 109.33294221758842 408.88938350975513 14.8797490298748 40.779648378491402 21.677398532629013 88.717655494809151 61.392680287361145
leaf_count=256 262 112 166 179 83 166 786 482 1756 64 175 103 455 269
internal_value=-0.000208139 -0.00102867 0.00221193 0.00424275 0.00607572 -0.0012712 -0.000966676 -0.00327234 1.28467e-05 -0.00572339 -0.000615986 0.00175258 0.00399633 -0.000843764
internal_weight=1180.68 883.873 296.806 177.137 136.051 867.081 837.314 246.167 591.148 164.992 55.6594 81.1746 117.122 119.669
internal_count=5314 3906 1408 883 704 3794 3628 1086 2542 721 239 365 621 525
is_linear=0
shrinkage=0.02


Tree=130
num_leaves=15
num_cat=0
split_feature=7 6 6 11 5 17 1 11 1 13 11 5 17 10
split_gain=7.39647 4.46264 6.24756 4.43435 4.29746 5.7695 5.19619 5.58427 7.22419 5.49189 6.25977 7.92752 6.82803 5.07176
threshold=119.35098522167489 117.62731481481482 117.28340132585417 0.6708333333333335 0.67890835579514841 13.147307657389403 115.20227272727274 0.57321428571428579 116.10660173160174 107.11437908496734 0.49358974358974367 0.60685011709601888 13.356863424566495 0.27149877149877155
decision_type=2 2 2 2 2 2 2 2 2 2 2 2 2 2
left_child=1 2 4 -3 6 -6 9 8 -8 -1 13 12 -12 -11
right_child=-2 3 -4 -5 5 -7 7 -9 -10 10 11 -13 -14 -15
leaf_value=-0.0014382144458318666 0.0065386949514226094 -0.0059113747479523342 0.010866120413542244 0.0040417904068184487 0.0022473128307409747 -0.0066942361694670976 -0.010299785434484874 0.0059303342093284944 -0.0010187660426457664 -0.0041581152243729174 -0.0091599305515870973 0.0043025792165405944 0.0011711029853059874 0.004724639824080462
leaf_weight=214.10315303504467 63.117819614708424 87.042806476354599 16.376374781131744 18.471949398517609 41.694099381566048 76.073478877544403 44.831137105822563 21.903304949402809 106.61655521392822 24.323423057794571 49.885940685868263 66.991438314318657 46.051004320383072 294.19375418126583
leaf_count=959 316 370 70 79 174 329 202 94 501 105 211 282 202 1373
internal_value=0.000141554 -0.000250403 0.000169033 -0.00406489 -6.24057e-05 -0.003566 0.000430144 -0.00262076 -0.00400748 0.0012038 0.00238143 -0.000793294 -0.00438854 0.00399253
internal_weight=1171.68 1108.56 1003.04 105.515 986.667 117.768 868.9 173.351 151.448 695.549 481.446 162.928 95.9369 318.517
internal_count=5267 4951 4502 449 4432 503 3929 797 703 3132 2173 695 413 1478
is_linear=0
shrinkage=0.02


Tree=131
num_leaves=15
num_cat=0
split_feature=0 16 12 13 12 12 2 18 16 18 16 2 18 5
split_gain=7.49474 7.51534 5.41125 5.05159 5.81724 12.341 5.02526 4.96006 11.5064 7.78597 5.67215 8.01134 5.0653 4.71725
threshold=0.42340286831812263 110.2584273933894 4.0363104731525796 112.34807692307693 0.16294972122909221 3.7718111408135986 103.76171171171173 14.256749309149543 112.95684289814611 14.035447981216342 110.50184839670297 109.5732142857143 13.714640812314451 0.67890835579514841
decision_type=2 2 2 2 2 2 2 2 2 2 2 2 2 2
left_child=2 3 -1 6 -5 -6 -2 9 -9 10 -3 -12 -13 -8
right_child=1 7 -4 4 5 -7 13 8 -10 -11 11 12 -14 -15
leaf_value=-0.0017262396314875767 -0.0025262169080601717 -0.011155768799464354 -0.010832488864283809 0.0080593882175109838 -0.011195361107864118 0.0020662415163912934 0.0064455736782268319 -0.0025212526135547047 0.01606115628937901 -0.011858530884536596 0.0046605566054637275 -0.003316894048607545 0.0054979242555273358 -0.0039485403047833396
leaf_weight=330.91422264277935 31.828355863690376 15.283730208873747 23.731150507926941 24.37230421602726 34.359932035207748 93.895146377384663 206.80528284609318 31.835329920053482 16.633702471852303 23.257149532437325 89.815873816609383 201.83700770139694 25.25179597735405 15.758065953850744
leaf_count=1457 158 67 104 100 145 516 994 136 72 97 388 843 105 65
internal_value=-7.26941e-05 0.00098783 -0.00247771 0.00288972 2.63538e-06 -0.00177335 0.00458845 -0.000940581 0.00476147 -0.00177338 -0.00090193 -0.00024181 -0.00223938 0.00563906
internal_weight=1165.58 810.934 354.645 407.019 152.627 128.255 254.392 403.915 48.469 355.446 332.188 316.905 227.089 222.563
internal_count=5247 3686 1561 1978 761 661 1217 1708 208 1500 1403 1336 948 1059
is_linear=0
shrinkage=0.02


Tree=132
num_leaves=15
num_cat=0
split_feature=12 10 4 12 7 9 12 13 3 3 11 11 11 12
split_gain=6.94115 5.04869 5.58609 4.6858 4.28352 4.65972 4.81952 4.19097 8.56748 6.37496 7.40347 4.85292 7.06202 6.25086
threshold=-14.472344652344651 0.79057017543859665 0.58571428571428574 10.634162414331614 119.61250000000003 0.78888888888888908 -2.6005167958656323 112.34807692307693 0.37689393939393945 0.78781991982732047 0.54919354838709689 0.59175084175084181 0.51668520578420474 -0.27518627650206545
decision_type=2 2 2 2 2 2 2 2 2 2 2 2 2 2
left_child=-1 4 -3 -4 5 7 -7 8 -2 -10 -11 12 13 -9
right_child=1 2 3 -5 -6 6 -8 11 9 10 -12 -13 -14 -15
leaf_value=-0.0091551179774631859 -0.0016295426676123353 0.010689624274016903 -0.00034018152345104358 0.0093357123236154655 0.0051977003553144241 0.00069257415304921463 0.0097148571551272603 0.0028488426095668712 0.01318762132798375 0.0044889433365387071 -0.0055880251066683243 0.003429138689053062 -0.01022519976951702 -0.004465613802803161
leaf_weight=26.329935640096664 370.50608529150486 30.817691311240196 99.324244379997253 19.973132811486721 51.851927481591702 84.829849794507027 28.3328987210989 65.404537528753281 19.716182813048363 115.76790830492973 33.815372243523598 38.237880691885948 50.613016083836555 137.619414255023
leaf_count=130 1604 146 466 133 254 357 118 271 86 567 142 160 212 641
internal_value=0.000133944 0.000386031 0.00374258 0.00159016 -0.000135666 -0.000454176 0.003267 -0.000976996 7.20688e-05 0.00373591 0.00210384 -0.00288572 -0.00388562 -0.00209741
internal_weight=1173.14 1146.81 150.115 119.297 996.695 944.843 113.163 831.68 539.806 169.299 149.583 291.875 253.637 203.024
internal_count=5287 5157 745 599 4412 4158 475 3683 2399 795 709 1284 1124 912
is_linear=0
shrinkage=0.02


Tree=133
num_leaves=15
num_cat=0
split_feature=7 2 7 7 0 0 11 11 2 10 2 0 7 1
split_gain=6.7845 5.24381 5.45677 5.05123 4.15442 4.57986 4.14366 3.88682 3.81674 6.91328 5.58527 5.93608 9.55121 5.5822
threshold=120.39166666666669 113.07194616977226 106.89195357833658 107.2919567827131 0.6540835707502376 0.59439874657265979 0.69631093544137035 0.61414392059553358 111.55915492957747 0.43050193050193059 108.63436172591103 0.65599385245901642 113.25158227848102 105.28130434782609
decision_type=2 2 2 2 2 2 2 2 2 2 2 2 2 2
left_child=1 2 6 -4 5 -3 7 -1 10 -10 11 13 -13 -5
right_child=-2 4 3 8 -6 -7 -8 -9 9 -11 -12 12 -14 -15
leaf_value=-0.0029768786930297686 0.0068242191280134682 -0.0023716306666461935 0.0097003247853024253 -0.0023397471680702167 0.0061439785299335662 -0.010223890571683438 -0.0097888600077713755 0.0062210564076921942 -0.0048045345611833689 0.0058608920186772337 -0.002652335807379576 0.0031542680028672828 -0.01121629446639953 0.0065853907400433452
leaf_weight=102.98774483799934 42.644275762140751 386.34688012301922 21.011965975165367 34.963359817862511 16.218654856085777 28.008955478668213 25.59167642891407 17.321122154593468 27.166520103812218 104.20345555245876 199.91477024555206 42.068369761109352 25.937496826052666 102.89704737067223
leaf_count=448 217 1678 92 150 77 123 108 74 121 465 898 216 145 485
internal_value=-0.00057462 -0.000881418 0.000184392 0.00108815 -0.00260631 -0.00301799 -0.00319457 -0.00145724 0.000664914 0.00356005 -0.0003043 0.00198468 -0.00271948 0.00431918
internal_weight=1177.28 1134.64 704.064 558.163 430.574 414.356 145.901 120.309 537.151 131.37 405.781 205.866 68.0059 137.86
internal_count=5297 5080 3202 2572 1878 1801 630 522 2480 586 1894 996 361 635
is_linear=0
shrinkage=0.02


Tree=134
num_leaves=15
num_cat=0
split_feature=5 18 15 15 0 2 2 16 9 18 9 0 0 16
split_gain=6.26552 6.07919 6.15277 8.2824 4.70158 4.71199 3.98265 4.36156 4.504 4.35214 3.25771 5.19919 4.99099 4.5467
threshold=0.31866537717601556 15.686005916331334 105.3362327347846 105.67778897883677 0.47014260249554374 108.63436172591103 115.44006147540985 102.72304923209954 0.21111111111111114 13.917202934542885 0.73214285714285732 0.58712905452035902 0.6540835707502376 108.41036601419677
decision_type=2 2 2 2 2 2 2 2 2 2 2 2 2 2
left_child=6 2 4 -4 5 -2 7 8 -1 -8 13 -12 -13 -5
right_child=1 -3 3 10 -6 -7 9 -9 -10 -11 11 12 -14 -15
leaf_value=0.0049936655184157517 0.0040958597139713927 0.0085994008215487666 0.011282250685204274 0.0015342193636618468 -0.011785876892505175 -0.0045953713449310481 -0.007893808031346641 0.0078903310550490699 -0.0075301199385575503 0.0046879633363064513 0.0053401789994025521 -0.0092248723836230798 0.0032677509521149982 -0.0021083550646856459
leaf_weight=22.243116274476051 27.473641917109489 22.218352630734444 19.102341964840889 182.7381292283535 24.533753037452698 112.8268456608057 18.314914986491203 77.568534761667252 14.868887469172476 16.27548548579216 77.192908406257629 20.180355399847031 22.128732204437256 509.64204540848732
leaf_count=117 116 104 83 849 104 522 85 430 78 80 324 83 95 2197
internal_value=-0.000169455 -0.000735329 -0.000985524 -0.000274884 -0.00445453 -0.00281108 0.0035886 0.0053302 -0.000322286 -0.00212942 -0.000614198 0.00237176 -0.00303611 -0.00114287
internal_weight=1167.31 1018.04 995.819 830.985 164.834 140.3 149.271 114.681 37.112 34.5904 811.882 119.502 42.3091 692.38
internal_count=5267 4477 4373 3631 742 638 790 625 195 165 3548 502 178 3046
is_linear=0
shrinkage=0.02


Tree=135
num_leaves=15
num_cat=0
split_feature=5 3 2 17 5 11 14 6 17 16 15 2 12 15
split_gain=7.61573 8.42659 5.76246 4.13506 4.58833 4.05529 3.73261 5.59995 3.69652 4.271 3.68877 4.2495 5.16603 3.45604
threshold=0.37394067796610175 -6.3140681003584218 110.48837622005325 14.358835223218124 0.21498599439775914 0.63060428849902539 105.7543103448276 106.05277777777779 14.702834436986935 105.74751619678217 114.41295641135649 117.09504662004663 5.6664742664742667 108.16043119206897
decision_type=2 2 2 2 2 2 2 2 2 2 2 2 2 2
left_child=2 5 -1 4 -4 13 -3 -8 9 -9 11 12 -6 -2
right_child=1 6 3 -5 10 -7 7 8 -10 -11 -12 -13 -14 -15
leaf_value=0.007651858898945223 -0.0045698947659695557 0.0052581176063520741 0.010271457032994901 -0.0046293724702938192 -0.005819328650831063 0.0028385524570887794 -0.0085597435549982677 0.0077249349080785491 0.0046169387617335756 -0.00054839796724456759 -0.0077762778223346386 0.010656962388580729 0.0057878246279362486 -0.013865530388392255
leaf_weight=80.188608311116695 97.573940187692642 49.821409627795219 21.062553018331528 34.180612221360207 27.6440150141716 19.117779314517975 25.378159135580063 20.92718642950058 63.848151549696922 666.50415109097958 12.289039462804793 13.885009929537771 23.950435355305672 17.332346022129059
leaf_count=455 465 221 111 153 117 96 115 96 273 2849 71 60 130 85
internal_value=0.000212746 -0.000550814 0.0035865 0.000947203 0.00300591 -0.00510661 0.000214233 -0.000140889 0.00019821 -0.000242574 0.000536512 0.00253763 -0.000395908 -0.00649175
internal_weight=1173.7 960.503 213.2 133.012 98.8311 134.024 826.479 776.658 751.279 687.431 77.7685 65.4795 51.5945 114.906
internal_count=5297 4200 1097 642 489 646 3554 3333 3218 2945 378 307 247 550
is_linear=0
shrinkage=0.02


Tree=136
num_leaves=15
num_cat=0
split_feature=0 16 1 10 0 16 11 17 6 12 4 17 18 0
split_gain=5.93704 4.29858 4.81175 4.31969 5.88376 4.20364 4.85553 4.20186 4.56748 4.7439 7.76354 5.49387 4.19774 4.07271
threshold=0.37590579710144933 108.41036601419677 113.70669056152929 0.67799539170506928 0.58995376208490968 107.42778663909037 0.3133928571428572 14.655611597853833 109.37354651162792 3.5423530673530679 0.58571428571428574 11.683047580357687 14.840564313403274 0.52899159663865558
decision_type=2 2 2 2 2 2 2 2 2 2 2 2 2 2
left_child=-1 2 -2 4 13 6 -5 8 -3 11 -11 -10 -13 -4
right_child=1 7 3 5 -6 -7 -8 -9 9 10 -12 12 -14 -15
leaf_value=-0.0026345734498021489 0.0043509459836969877 -0.006727698195376196 -0.0043700036603565315 0.0073918503947998457 -0.01405362329500201 0.011474957263685749 -0.0061102858891162112 0.005363162619644396 0.0068772610536829903 -0.005598461071232466 0.0066593984661607398 -0.0022050270911633881 0.0070665882995702978 0.0073450745806034196
leaf_weight=257.14745855331421 210.95539201050997 41.229277521371841 29.462703019380569 13.225792698562143 12.997548654675482 12.261807106435297 20.68786746263504 44.685576520860195 27.055773824453354 23.475746497511864 76.310264818370342 373.61932519078255 15.789661586284636 13.11693614721298
leaf_count=1157 1025 178 136 84 64 66 106 192 111 114 386 1539 66 64
internal_value=2.06927e-05 0.000777283 0.00265964 -0.000886367 -0.00446476 0.00343603 -0.000571467 -0.000214086 -0.000704838 -0.000163915 0.00364607 -0.00110922 -0.00174427 -0.000368475
internal_weight=1172.02 914.874 312.708 101.753 55.5772 46.1755 33.9137 602.166 557.48 516.251 99.786 416.465 389.409 42.5796
internal_count=5288 4131 1545 520 264 256 190 2586 2394 2216 500 1716 1605 200
is_linear=0
shrinkage=0.02


Tree=137
num_leaves=15
num_cat=0
split_feature=12 3 12 11 8 11 11 11 18 10 10 5 16 11
split_gain=7.74507 4.48767 4.96129 5.83413 7.94119 4.58435 6.02639 4.3313 3.64904 5.00529 3.62942 3.35569 3.28179 4.29335
threshold=9.4409214884083408 -6.9591666666666656 8.8317750898986613 0.29289215686274517 0.45152073732718895 0.29864864864864871 0.3943381180223286 0.12701612903225809 12.845956659201237 0.27386363636363642 0.6708333333333335 0.51408730158730165 104.80664985994808 0.58198924731182811
decision_type=2 2 2 2 2 2 2 2 2 2 2 2 2 2
left_child=1 5 3 4 7 -1 -7 -3 9 -8 -2 -10 -5 -14
right_child=10 2 -4 12 -6 6 8 -9 11 -11 -12 -13 13 -15
leaf_value=-0.0096253571301657924 -5.7409218781425985e-05 -0.0069654397381594966 -0.0099639270552593761 0.0042030306451193529 0.012622854369261456 0.0060379185665794931 0.0080195343776784857 0.0028553250336837842 0.00046136820872988925 -0.0060473291774257093 0.0085663692861386361 -0.010078815753127619 -0.0019486259322182163 0.0013810148632292633
leaf_weight=36.226686775684357 30.026189401745796 16.824563845992088 15.397689789533613 46.968494638800621 26.266484245657921 25.718274191021919 15.4354085624218 98.857221409678459 16.207107990980148 15.161604493856428 50.446041017770767 38.052326411008835 535.22890250384808 213.05387814342976
leaf_count=152 175 77 81 212 116 116 76 467 74 76 330 191 2292 890
internal_value=-0.000268168 -0.000715959 -0.000205915 6.4291e-06 0.00366932 -0.00390985 -0.00170192 0.0011976 -0.00425316 0.00117871 0.0055335 -0.00715721 -0.00066622 -0.000997724
internal_weight=1179.87 1099.4 952.597 937.2 141.948 146.801 110.575 115.682 84.8564 30.597 80.4722 54.2594 795.251 748.283
internal_count=5325 4820 4135 4054 660 685 533 544 417 152 505 265 3394 3182
is_linear=0
shrinkage=0.02


Tree=138
num_leaves=15
num_cat=0
split_feature=12 6 12 6 11 6 1 11 2 0 7 3 7 14
split_gain=4.43143 7.37157 4.58806 4.6643 3.7731 6.02422 3.55944 4.46117 3.05267 4.60958 5.23573 5.16163 5.89593 3.64509
threshold=9.4409214884083408 104.37599134823361 8.8317750898986613 102.36441102756893 0.78679653679653694 114.784048754637 119.34358974358976 0.54415584415584417 121.77205882352943 0.20126582278481017 119.35098522167489 -6.9591666666666656 109.79814814814817 113.85504201680673
decision_type=2 2 2 2 2 2 2 2 2 2 2 2 2 2
left_child=2 -2 3 -1 6 -6 8 -8 9 13 11 12 -11 -5
right_child=1 -3 -4 4 5 -7 7 -9 -10 10 -12 -13 -14 -15
leaf_value=0.0088647189164332476 -0.0050490617812336928 0.0077800489256188215 -0.0099186715584783074 0.012287683504688257 -0.011923265327456561 0.0034182755115993099 -0.00057522312887686863 0.012038101932259206 -0.007428297028023668 0.0016544339008401703 0.0064796990942862656 -0.00015010055258134409 -0.0082998398417772016 -0.00090599284389794219
leaf_weight=17.815452635288239 20.644634023308754 61.161725983023643 14.313456758856772 15.986159771680834 21.581637263298035 13.715877890586851 22.512256309390068 16.529463738203049 18.371378928422928 34.201846554875374 37.604801043868065 794.14935077726841 63.717733457684517 12.869381740689276
leaf_count=79 124 391 75 72 93 60 100 70 85 167 171 3429 293 60
internal_value=8.97554e-05 0.00443816 -0.000257478 -8.25532e-05 -0.000275429 -0.00627741 -3.71768e-05 0.0055254 -0.000286489 -0.00011177 -0.000373794 -0.000697206 -0.0049115 0.00713862
internal_weight=1165.18 81.8064 1083.37 1069.06 1051.24 35.2975 1015.94 39.0417 976.901 958.529 929.674 892.069 97.9196 28.8555
internal_count=5269 515 4754 4679 4600 153 4447 170 4277 4192 4060 3889 460 132
is_linear=0
shrinkage=0.02


Tree=139
num_leaves=15
num_cat=0
split_feature=12 14 7 13 13 10 5 11 18 8 14 13 1 7
split_gain=6.23608 5.28039 7.40987 5.07745 9.64214 8.41956 7.09862 5.50624 4.92412 5.30029 6.5943 4.83857 4.38755 5.48856
threshold=3.5423530673530679 104.34313725490198 109.79814814814817 112.34807692307693 107.47809523809526 0.73798627002288331 0.41004623791509043 0.53950103950103967 15.686005916331334 7.3786764705882364 117.5620512820513 104.32466216216217 116.40161290322582 113.84529914529917
decision_type=2 2 2 2 2 2 2 2 2 2 2 2 2 2
left_child=8 2 -2 4 6 -6 -3 12 9 11 -11 -1 -5 -14
right_child=1 3 -4 7 5 -7 -8 -9 -10 10 -12 -13 13 -15
leaf_value=0.0035145150448599601 0.0059859463346119083 0.0039645980830786184 -0.010004658378102231 -0.0044208093226140053 0.014203781789468704 0.001407327791626066 -0.011991925891072071 0.0095705048657910869 0.0081612218286872644 -0.012167082844692945 -0.00075234811605568081 -0.0011957191807533036 -0.0038708656347675296 0.00788852932580455
leaf_weight=95.464657992124557 14.779944047331808 26.738621816039085 24.718494310975075 63.123592518270016 55.436227574944496 32.9930424913764 12.339299097657202 18.64015306532383 18.586125209927559 32.230713605880737 45.927411496639252 661.88390946388245 23.705424159765244 32.045299999415874
leaf_count=420 75 143 134 330 292 187 61 88 78 137 196 2797 120 183
internal_value=1.198e-05 0.00244596 -0.00402085 0.00346637 0.00626223 0.00976024 -0.00186263 0.000745222 -0.000865022 -0.00111317 -0.00590807 -0.000582832 -0.000969073 0.00298133
internal_weight=1158.61 304.52 39.4984 265.022 127.507 88.4293 39.0779 137.514 854.093 835.507 78.1581 757.349 118.874 55.7507
internal_count=5241 1613 209 1404 683 479 204 721 3628 3550 333 3217 633 303
is_linear=0
shrinkage=0.02


Tree=140
num_leaves=15
num_cat=0
split_feature=8 5 10 17 1 13 5 17 1 10 1 17 8 16
split_gain=5.25252 6.24748 7.3119 7.43852 7.21357 5.98142 5.97406 6.5011 5.79578 7.07248 7.01294 5.39618 6.21336 5.52931
threshold=-2.0371237458193976 0.44519519519519524 0.44281045751633991 14.655611597853833 107.6720430107527 111.9654761904762 0.52667140825035574 12.18516817477907 114.57355191256832 0.53708791208791218 116.00666666666667 13.147307657389403 0.26823725055432374 108.31033012591568
decision_type=2 2 2 2 2 2 2 2 2 2 2 2 2 2
left_child=8 4 -3 6 -2 -6 7 -4 9 -1 -10 12 -8 -13
right_child=1 2 3 -5 5 -7 11 -9 10 -11 -12 13 -14 -15
leaf_value=0.0012127023808454372 0.0044112999952212097 -0.0029168848191262471 -0.0044930037091979996 0.0084874569814093869 -0.013123460240409245 -0.0015964514866903404 -0.0088112566429976256 0.0057797354745866393 -0.0086827860445989093 0.0083799244682809786 0.0032942127961384697 0.00517522902618735 0.0028532167390645795 -0.0043007982479150147
leaf_weight=122.31859482824802 21.892801597714424 188.96268439292908 26.080929651856422 51.126017197966576 35.63822440803051 35.162569299340248 15.381332397460936 133.46222180128098 29.352909713983536 98.262106992304325 41.068308264017105 24.569746106863022 181.77383939921856 161.09593540430069
leaf_count=534 95 870 110 218 159 156 66 593 149 551 234 107 754 672
internal_value=0.000646924 -0.000131302 0.000461278 0.00155224 -0.00490103 -0.0078816 0.000826935 0.00401492 0.00295001 0.00452046 -0.00194269 -0.000536314 0.00174777 -0.00294397
internal_weight=1166.15 875.146 782.453 593.49 92.6936 70.8008 542.364 159.543 291.002 220.581 70.4212 382.821 197.155 185.666
internal_count=5268 3800 3390 2520 410 315 2302 703 1468 1085 383 1599 820 779
is_linear=0
shrinkage=0.02


Tree=141
num_leaves=15
num_cat=0
split_feature=15 10 12 12 14 5 14 3 1 5 7 3 3 7
split_gain=8.44388 6.45839 6.02073 4.77814 4.70201 4.6993 3.83814 3.22971 3.07983 3.03808 5.97065 7.14139 6.74458 6.54158
threshold=105.3362327347846 0.28759398496240607 11.844129554655872 -10.051075268817202 114.92129629629632 0.34193870752831451 115.11805555555557 -7.7279220779220772 104.08467023172908 0.52597840755735503 110.00476190476192 0.53137254901960795 1.4861952861952863 110.77871939736347
decision_type=2 2 2 2 2 2 2 2 2 2 2 2 2 2
left_child=1 4 9 -3 7 -4 8 -1 -5 -2 11 -11 -13 -12
right_child=2 3 5 6 -6 -7 -8 -9 -10 10 13 12 -14 -15
leaf_value=0.0075114628860343934 0.0016777760452610635 -0.013961900205216886 0.011553889821408788 -5.8926355097198104e-05 -0.0055057138846100109 -0.0027552879975153775 0.0026749113433332866 -0.0027556664371463026 -0.0083783906812332411 -0.0022240481888365507 -0.010352883327397349 0.013710413100448361 0.0023273739698562181 -0.0013561353106790297
leaf_weight=34.775618627667427 448.13026425242424 21.729154661297798 29.80913769453764 24.895859271287918 23.834291383624077 10.215528458356856 23.160984426736832 14.610979929566382 58.072181984782219 107.620236992836 34.235388249158859 21.391019716858864 113.78216861188412 196.1263869702816
leaf_count=157 2075 105 212 109 113 63 99 63 255 457 145 87 482 834
internal_value=7.47618e-05 -0.00360099 0.00085828 -0.00623271 0.00109917 0.00800134 -0.00409323 0.00449985 -0.00602725 0.000506438 -0.000608891 0.00156505 0.00455353 -0.00288472
internal_weight=1162.39 201.079 961.31 127.858 73.2209 40.0247 106.129 49.3866 82.968 921.285 473.155 242.793 135.173 230.362
internal_count=5256 901 4355 568 333 275 463 220 364 4080 2005 1026 569 979
is_linear=0
shrinkage=0.02


Tree=142
num_leaves=15
num_cat=0
split_feature=4 2 13 14 0 17 2 6 0 7 3 12 11 13
split_gain=6.9885 4.53758 5.55198 4.94652 5.43541 5.10479 5.60549 4.72065 4.71992 3.8298 4.33004 4.05904 5.6947 3.94321
threshold=0.31666666666666671 118.19270027837923 112.0983870967742 107.69337606837608 0.39228096301811871 12.270367465894752 103.6107994389902 112.09404481132077 0.54201977401129953 119.83176470588238 0.60158730158730167 1.4090965944624483 0.51389961389961403 100.91153846153848
decision_type=2 2 2 2 2 2 2 2 2 2 2 2 2 2
left_child=9 3 -3 5 7 -2 -7 -5 -4 10 11 12 13 -1
right_child=1 2 8 4 -6 6 -8 -9 -10 -11 -12 -13 -14 -15
leaf_value=0.008118153722505345 -0.0046645217408366147 0.015016310855543575 -0.0038384351555772818 -0.011504366815906357 0.00033841560433668985 -0.0060296651871241929 0.00657459136611987 -0.00015855073538020167 0.0090014870367651732 0.005729882189435139 0.004813426191008531 -0.010419480262431221 -0.0067757460955548019 -0.0015765395760080148
leaf_weight=14.251111552119253 20.722470358014107 14.606720671057699 22.952541574835777 25.375123992562294 620.21850112825632 12.020817220211027 117.27844438701868 28.642275005578995 14.605976134538649 16.049365893006325 20.567384704947472 29.415313944220543 86.361447468400002 126.21885357797146
leaf_count=63 98 64 98 111 2778 64 582 127 65 70 89 125 402 546
internal_value=1.46368e-05 0.000909587 0.00636068 0.000528329 -0.000210821 0.00374991 0.00522193 -0.00601146 0.00162574 -0.0026339 -0.00321188 -0.00393582 -0.00288844 -0.000347757
internal_weight=1169.29 876.423 52.1652 824.258 674.236 150.022 129.299 54.0174 37.5585 292.863 276.814 256.247 226.831 140.47
internal_count=5282 3987 227 3760 3016 744 646 238 163 1295 1225 1136 1011 609
is_linear=0
shrinkage=0.02


Tree=143
num_leaves=15
num_cat=0
split_feature=5 8 5 6 8 13 13 14 14 5 3 9 3 14
split_gain=6.61827 9.18664 6.33854 6.33016 5.65411 5.90483 9.97657 5.07399 5.36767 4.38879 4.26011 5.37489 4.76507 4.45175
threshold=0.52667140825035574 -0.64243062873199852 0.58863819500402914 115.22111111111113 -2.0371237458193976 111.16904761904765 107.80625000000002 118.57735247208933 119.51000000000001 0.80140845070422551 0.56173780487804892 0.64583333333333337 -0.79422614274258219 116.5732142857143
decision_type=2 2 2 2 2 2 2 2 2 2 2 2 2 2
left_child=1 3 -2 4 5 6 -1 9 -9 10 11 -4 -13 -12
right_child=2 -3 7 -5 -6 -7 -8 8 -10 -11 13 12 -14 -15
leaf_value=-0.0017967223143132433 -0.0050931991685925085 0.0047272343019181392 -0.0047964486486670012 0.0070416931310808683 -0.005106508622860286 -0.0031495399005523582 0.0080005438595074623 -0.011797168926686663 -0.0014634443227688901 -0.008024180293236087 0.0018580191534088297 0.0053858612892875562 -0.0047991189139205822 0.010273971926474347
leaf_weight=87.961568057537079 161.04882815480232 193.77780513465405 65.862736970186234 35.37417010217905 105.37217491865158 113.76589506864548 71.429715760052204 22.303239583969116 83.260628521442413 15.468124836683272 96.610525861382484 60.688751757144928 21.122034966945648 30.550985753536224
leaf_count=411 696 856 289 164 470 602 370 95 355 66 408 270 87 127
internal_value=-0.000246146 0.00119271 -0.0018128 -0.000498727 -0.00128601 0.000253077 0.00270363 -0.000431372 -0.00408149 0.000942565 0.00158158 -0.000730066 0.00263133 0.00419217
internal_weight=1164.6 607.681 556.916 413.904 378.529 273.157 159.391 395.867 105.564 290.303 274.835 147.674 81.8108 127.162
internal_count=5266 2873 2393 2017 1853 1383 781 1697 450 1247 1181 646 357 535
is_linear=0
shrinkage=0.02


Tree=144
num_leaves=15
num_cat=0
split_feature=16 2 2 0 6 3 1 0 2 7 15 3 6 10
split_gain=4.49366 4.67027 8.59166 6.39557 5.63033 4.57945 6.26964 5.54472 5.17185 4.48795 6.52752 4.08677 3.73155 5.42505
threshold=108.12553476071743 109.5732142857143 111.10535885167465 0.55829054666263978 103.76489707475625 -9.2927887901572088 108.81302966101696 0.58280590717299596 112.68775000000001 114.12347560975611 110.43723089417608 3.4689429012345685 109.50490196078432 0.56711711711711721
decision_type=2 2 2 2 2 2 2 2 2 2 2 2 2 2
left_child=1 4 3 -3 -1 -4 8 9 -7 -8 -11 -9 13 -2
right_child=12 2 5 -5 -6 6 7 11 -10 10 -12 -13 -14 -15
leaf_value=-0.0034202157914160636 0.000874456069137585 -0.01165584770235493 0.010336835784016365 0.0025631303676268845 0.0064063642850160051 0.0018898301507654161 0.0071474613434743027 -0.011084710830732326 -0.013112565601191502 -0.0078013363290219033 0.0075044627501926068 0.0030852251805245641 -0.00021819263527200102 -0.0097516127462352678
leaf_weight=25.182629778981209 34.348007336258888 31.540079832077026 19.004747971892357 16.996559247374535 122.9237405359745 14.5746465921402 79.218088164925575 13.303081274032595 15.646754011511801 20.37818817794323 14.959533169865606 11.555880099534987 711.47224353253841 36.551852166652679
leaf_count=135 150 140 82 90 628 61 345 66 68 95 81 66 3114 162
internal_value=0.000201241 0.00195526 0.000193288 -0.00690229 0.00467841 0.00215004 0.000963159 0.00278324 -0.00663628 0.00463171 -0.00119487 -0.00508409 -0.000669465 -0.00488525
internal_weight=1167.66 385.284 237.178 48.5366 148.106 188.641 169.636 139.415 30.2214 114.556 35.3377 24.859 782.372 70.8999
internal_count=5283 1857 1094 230 763 864 782 653 129 521 176 132 3426 312
is_linear=0
shrinkage=0.02


Tree=145
num_leaves=15
num_cat=0
split_feature=7 16 0 17 1 17 16 17 9 15 6 14 4 0
split_gain=8.28523 5.84249 6.60189 9.35178 7.02137 6.83164 6.49966 6.18375 4.53147 4.43446 4.54419 4.34591 4.30436 4.26258
threshold=119.17063492063494 108.41036601419677 0.37590579710144933 13.161693204407284 113.70669056152929 15.374277045144742 106.91962892560191 13.147307657389403 0.76388888888888895 111.47617901092126 118.15925559947301 110.4861003861004 0.61250000000000016 0.23570261437908499
decision_type=2 2 2 2 2 2 2 2 2 2 2 2 2 2
left_child=1 2 3 -1 -4 13 11 -8 -3 -10 -11 -6 -2 -5
right_child=12 8 4 5 6 -7 7 -9 9 10 -12 -13 -14 -15
leaf_value=0.0076278729932884879 0.0030632542328575415 -0.0023741669002361608 0.0049551095292095495 -0.00027418316766878315 -0.0019753245451051621 0.0034515844757739733 -0.0036151398774032012 0.011897175339358936 -0.0011179366109807399 0.0099065894254912624 -0.0024896989064661628 -0.013855422353781463 0.014355762254889227 -0.012068528729785895
leaf_weight=21.841429576277733 51.845404028892517 574.1687685996294 203.28740522265434 16.611416682600975 48.684752605855465 20.393933847546577 15.51553802192211 17.62531903386116 83.362911209464073 33.211855441331863 14.665358051657675 12.562011405825613 15.443831071257589 44.442320421338081
leaf_count=93 253 2502 994 73 256 87 77 84 363 138 60 62 92 188
internal_value=-9.25844e-05 -0.000518948 0.00139789 -0.00286482 0.00289989 -0.00595704 -0.00155314 0.00511291 -0.00161068 0.0016941 0.00623309 -0.00527383 0.00646872 -0.0091232
internal_weight=1173.66 1106.37 400.964 103.289 297.675 81.4477 94.3876 33.1409 705.409 131.24 47.8772 61.2468 67.2892 61.0537
internal_count=5322 4977 1914 441 1473 348 479 161 3063 561 198 318 345 261
is_linear=0
shrinkage=0.02


Tree=146
num_leaves=15
num_cat=0
split_feature=7 3 0 5 3 9 0 5 11 7 12 17 0 5
split_gain=5.68701 4.9668 5.02731 4.52581 5.25813 6.15701 4.271 5.36346 3.89404 4.60765 4.31532 4.11073 6.0454 4.93966
threshold=120.39166666666669 3.7731727235606374 0.58712905452035902 0.32483766233766237 6.6644144144144155 0.61250000000000016 0.61075036075036093 0.41486424298205254 0.39736842105263165 115.08893280632414 8.4923659673659682 12.783098603326078 0.48507130124777192 0.44033898305084751
decision_type=2 2 2 2 2 2 2 2 2 2 2 2 2 2
left_child=1 8 -3 -4 6 -6 -5 -8 10 -10 11 12 -1 -14
right_child=-2 2 3 4 5 -7 7 -9 9 -11 -12 -13 13 -15
leaf_value=0.011355818403725255 0.0068679827799038333 0.012121364135584147 0.0091920189685957051 -0.0050146808439350777 -0.0079886846396867422 0.0039004080057650171 -0.0063838203039893529 0.0059237816707589565 -0.0012363951134163604 -0.0067028431848441487 -0.0060000482058981388 0.00023695598758618396 0.0055538642519132467 -0.007868685801274599
leaf_weight=31.822013705968857 41.937369339168072 14.398907274007795 21.484134547412395 19.47418674826622 44.756747022271156 23.058888152241707 12.28496517241001 95.452750459313393 481.71115799248219 66.45937268435955 29.071262076497078 238.1167841553688 20.529587015509605 14.230504393577574
leaf_count=139 216 70 151 87 231 104 66 435 2067 284 170 1049 99 61
internal_value=4.82231e-05 -0.000238347 0.00234207 0.00143279 0.000369629 -0.00395588 0.00273792 0.0042995 -0.00092335 -0.00195373 0.000772772 0.0015054 0.00570831 -0.000239711
internal_weight=1154.79 1112.85 230.911 216.512 195.028 67.8156 127.212 107.738 881.941 548.171 333.77 304.699 66.5821 34.7601
internal_count=5229 5013 1144 1074 923 335 588 501 3869 2351 1518 1348 299 160
is_linear=0
shrinkage=0.02


Tree=147
num_leaves=15
num_cat=0
split_feature=11 5 12 17 15 9 9 10 0 17 9 15 13 4
split_gain=6.19284 6.56537 4.89457 4.42492 4.28188 5.98152 4.55573 5.3364 3.86179 4.425 3.57631 4.95612 3.42674 7.94108
threshold=0.3816526610644258 0.3987179487179488 5.3596479500891272 15.089413069418587 115.83386651089596 0.68333333333333346 0.41428571428571431 0.63762626262626265 0.34514106583072107 13.017802630877904 0.5634920634920636 104.80745226308586 113.01562500000001 0.38750000000000007
decision_type=2 2 2 2 2 2 2 2 2 2 2 2 2 2
left_child=-1 -2 3 4 6 -6 7 8 -3 -10 -5 -12 13 -8
right_child=1 2 -4 10 5 -7 12 -9 9 -11 11 -13 -14 -15
leaf_value=0.0019798405040754854 -0.010640948084680465 -0.0040240340960113839 0.0049452855120070095 -0.0028988451438944174 -0.0024396769458098549 0.011029574569649672 -0.0064765962474697767 -0.0051302958371383213 0.00019920116740952638 0.011072031614437832 -0.00096298973015123584 0.013134212986901815 -0.0054984784562664467 0.00021533602341940601
leaf_weight=420.06025077402592 22.482337072491646 13.387761056423185 52.339413687586784 16.463850200176239 24.993481889367104 19.867980435490608 95.676802143454552 27.62070469558239 25.199395999312401 32.575737878680229 15.752972885966299 19.486985996365547 139.38340575993061 239.04247871041298
leaf_count=2034 106 62 267 72 106 82 439 119 104 135 72 86 583 1004
internal_value=5.17575e-05 -0.00104238 -0.000672259 -0.00114486 -0.00162435 0.00403335 -0.00209846 0.00174121 0.00456998 0.00672329 0.00422215 0.00749584 -0.00290831 -0.00176467
internal_weight=1164.33 744.273 721.791 669.452 617.748 44.8615 572.886 98.7836 71.1629 57.7751 51.7038 35.24 474.103 334.719
internal_count=5271 3237 3131 2864 2634 188 2446 420 301 239 230 158 2026 1443
is_linear=0
shrinkage=0.02


Tree=148
num_leaves=15
num_cat=0
split_feature=11 10 17 10 12 9 11 17 18 11 18 15 13 15
split_gain=4.56903 4.45173 4.99162 7.74346 7.20009 8.02424 6.95123 5.19224 5.08363 4.43915 4.18054 6.89181 6.23701 6.44368
threshold=0.44281045751633991 0.68237250554323736 13.463871943648707 0.5594117647058825 2.3090185676392578 0.38750000000000007 0.19139194139194141 12.952967055649021 13.316162352285923 0.36939571150097467 13.673387682772217 116.07496926926954 108.50806451612904 107.03165809563865
decision_type=2 2 2 2 2 2 2 2 2 2 2 2 2 2
left_child=1 2 6 8 -5 -6 7 -1 9 -4 11 12 13 -2
right_child=10 -3 3 4 5 -7 -8 -9 -10 -11 -12 -13 -14 -15
leaf_value=-0.012326786389866434 -0.0038148980710605135 0.0039454604276724552 0.0076629726762573796 -0.015425747766748548 -0.0091779637160707157 0.0094157152358337812 0.0037031588042461226 0.0029424671258805901 -0.0026661042701668263 -0.0034515683004427513 0.00090248175189385881 0.0059530516151176695 -0.0051898128877656607 0.0051693016295527748
leaf_weight=16.271201699972156 63.81025955080986 151.88668130338192 43.070784062147141 24.169522017240524 15.758874237537386 11.834917321801184 175.27219386398792 12.594531804323195 97.102452233433723 17.079101696610451 201.62929014861584 29.975739896297455 244.28543674945831 54.611892566084862
leaf_count=81 297 828 186 100 85 59 784 60 426 75 875 129 1040 233
internal_value=-0.000205526 0.00107729 -1.16918e-05 -0.00215887 -0.00849093 -0.000982132 0.00218584 -0.00621378 0.000122906 0.00448439 -0.00142397 -0.00261486 -0.00339427 0.00036985
internal_weight=1159.35 565.04 413.154 209.016 51.7633 27.5938 204.138 28.8657 157.252 60.1499 594.313 392.683 362.708 118.422
internal_count=5258 2684 1856 931 244 144 925 141 687 261 2574 1699 1570 530
is_linear=0
shrinkage=0.02


Tree=149
num_leaves=15
num_cat=0
split_feature=12 6 12 6 17 8 3 17 17 15 16 1 16 5
split_gain=4.84044 5.79643 3.48574 3.88837 3.24241 4.82269 3.20321 3.16355 5.79806 5.79945 5.62965 6.96796 5.34446 5.06259
threshold=9.4409214884083408 103.42735042735045 8.4923659673659682 102.36441102756893 13.031611237273768 -7.1961538461538455 9.6039215686274524 13.484312828814957 13.591802185997773 108.71716592039469 115.40912779436347 118.45666666666668 116.44858202922762 0.55036231884057984
decision_type=2 2 2 2 2 2 2 2 2 2 2 2 2 2
left_child=2 -2 3 -1 5 -3 -6 10 -9 -10 -5 12 -12 -11
right_child=1 4 -4 7 6 -7 -8 8 9 13 11 -13 -14 -15
leaf_value=0.0077748334989101026 -0.0052784268283788075 0.0075195112112397848 -0.0075418615830223348 0.0013662223875472309 0.013596224061470874 -0.0073459408466806245 0.00023658040783944198 -0.0081378876249896866 -0.0027463098832012428 0.0050114913974586492 -0.014494842169010709 0.0062552070353761296 -0.0021854598721006177 -0.0015240600308669323
leaf_weight=18.555612608790398 15.248936027288435 15.380528293550016 22.003982827067375 486.48507133126259 27.505178712308407 10.372932091355322 9.4439242258667928 44.070371806621552 264.44204680621624 92.237055212259293 21.079417765140533 14.930278584361075 35.482337296009064 89.012316733598709
leaf_count=82 91 109 116 2127 183 61 56 194 1176 416 89 63 150 376
internal_value=-9.16422e-05 0.00456659 -0.000444656 -0.000263682 0.00717385 0.00131117 0.0106168 -0.000442296 -0.0016074 -0.000878537 0.000585559 -0.00446872 -0.00757759 0.00184711
internal_weight=1166.25 77.9515 1088.3 1066.29 62.7026 25.7535 36.9491 1047.74 489.762 445.691 557.977 71.492 56.5618 181.249
internal_count=5289 500 4789 4673 409 170 239 4591 2162 1968 2429 302 239 792
is_linear=0
shrinkage=0.02


Tree=150
num_leaves=15
num_cat=0
split_feature=9 13 12 18 17 17 13 17 7 14 5 12 5 1
split_gain=4.69898 7.18955 5.17807 5.01401 4.88397 5.81704 6.01627 5.3139 5.30531 5.4441 5.81953 5.3963 4.88119 4.7467
threshold=0.73214285714285732 112.34807692307693 11.844129554655872 13.016018582610359 11.231885360338943 11.683047580357687 112.34807692307693 13.174518654280632 112.58898944193064 110.0732142857143 0.38516483516483524 3.4685422602089271 0.31866537717601556 109.91010101010103
decision_type=2 2 2 2 2 2 2 2 2 2 2 2 2 2
left_child=2 3 4 -2 -1 -6 7 -7 -8 -10 -11 -12 -4 -9
right_child=1 -3 12 -5 5 6 8 13 9 10 11 -13 -14 -15
leaf_value=-0.010224387768623193 0.0049463734239613786 0.0082932848636458386 0.010267756737042555 -0.004308181333986966 0.0073785239304285256 0.0027769117177633752 -0.00554926318202335 -0.0030670255088382742 0.0078917971711954769 -0.0097876592149397316 -0.0026512400508784334 0.006444164742081291 -0.0033674193134999799 0.0012404226002992445
leaf_weight=17.338927492499352 34.548303455114365 57.516407430171967 26.838853105902672 52.518192812800407 29.026007637381554 200.33040592074394 173.52530883252621 225.69126342236996 21.129664808511734 25.541668891906738 83.645531997084618 31.975984111428261 12.693419702351092 180.08161248266697
leaf_count=74 150 242 196 228 127 897 756 1009 107 128 350 155 79 813
internal_value=-0.000196737 0.00311726 -0.000675749 -0.000566744 -0.000971783 -0.000755017 -0.0010433 0.00015092 -0.00316928 -0.000534767 -0.00202289 2.70163e-05 0.00600312 -0.00116355
internal_weight=1172.4 144.583 1027.82 87.0665 988.286 970.947 941.921 606.103 335.818 162.293 141.163 115.622 39.5323 405.773
internal_count=5311 620 4691 378 4416 4342 4215 2719 1496 740 633 505 275 1822
is_linear=0
shrinkage=0.02


Tree=151
num_leaves=15
num_cat=0
split_feature=2 1 13 0 15 0 6 17 11 18 17 12 17 12
split_gain=5.4929 6.18493 8.07582 6.23778 4.92627 4.85668 6.07086 4.68732 6.99355 4.52367 5.35054 4.97564 4.91473 4.82652
threshold=108.56458333333335 109.91010101010103 111.62033462033465 0.20126582278481017 107.61804598620068 0.54870335230866552 111.24818840579711 14.655611597853833 0.27888888888888896 12.581709222789527 13.463871943648707 5.046526711848931 13.9646768771832 -4.5319535603993915
decision_type=2 2 2 2 2 2 2 2 2 2 2 2 2 2
left_child=9 3 4 -2 -3 7 -7 8 -4 10 -1 12 13 -11
right_child=1 2 5 -5 -6 6 -8 -9 -10 11 -12 -13 -14 -15
leaf_value=0.0032333434240363161 0.0053161998240197541 0.0089571824128592045 0.0038649581718468852 -0.0045747956893654133 0.0018712793980538681 -0.0038054533757696423 0.003646311960683359 0.004492115551888852 -0.0053632179502006274 0.011290307527674596 -0.0077284114634720152 0.0076626482610906693 -0.0037244416277452692 0.0014443251363927398
leaf_weight=33.645342193543911 25.025077998638153 49.411122560501099 35.957136914134026 192.49245451390743 155.21192991733551 58.908284567296505 135.12042963504791 26.706856742501259 184.60715332627296 22.005838885903358 28.57654020190239 84.712394848465919 43.824598893523216 83.178876385092735
leaf_count=150 114 215 173 856 693 291 605 116 780 92 130 496 188 359
internal_value=0.000341952 -0.000466526 0.000520366 -0.00334296 0.00375518 -0.00100482 0.00134515 -0.00283891 -0.00380648 0.00266932 -0.00200143 0.00392865 0.001626 0.00392308
internal_weight=1159.38 863.44 645.923 217.518 204.623 441.3 194.029 247.271 220.564 295.944 62.2219 233.722 149.009 105.185
internal_count=5258 3843 2873 970 908 1965 896 1069 953 1415 280 1135 639 451
is_linear=0
shrinkage=0.02


Tree=152
num_leaves=15
num_cat=0
split_feature=12 5 12 9 8 18 2 2 8 9 9 14 7 2
split_gain=7.76001 8.13744 5.51413 4.18219 7.55713 3.90191 4.15405 3.71489 5.35816 5.09867 10.9559 7.34625 9.71733 6.60705
threshold=11.844129554655872 0.34193870752831451 -14.813430012610338 0.73214285714285732 5.8926065162907273 16.253258990030861 102.68333333333335 113.07194616977226 5.2967195767195774 0.41428571428571431 0.5277777777777779 119.51000000000001 109.89260651629074 114.40175438596494
decision_type=2 2 2 2 2 2 2 2 2 2 2 2 2 2
left_child=2 -2 -1 5 -5 6 -4 -8 9 13 -11 12 -12 -9
right_child=1 -3 3 4 -6 -7 7 8 -10 10 11 -13 -14 -15
leaf_value=-0.0093247831721597046 0.012844664277408284 -0.0054285518363979979 -0.0093442670651904796 0.0072633959836835597 -0.0019859253012096704 0.0083764931668489882 0.00059090396679620716 -0.0064561752493471963 0.0057066108518982117 -0.010419126103219822 0.0051457826376889327 0.0086990669472007398 -0.0079116575406774775 0.0025809322955001623
leaf_weight=20.87074688076973 30.684473589062691 10.190044760704039 16.411770209670067 75.416596725583076 59.941749185323715 14.640987560153006 562.55362279713154 39.959687441587448 28.544719830155373 76.717866659164429 31.461312875151634 21.104860410094261 58.033499598503113 110.47275969386101
leaf_count=106 225 63 77 325 250 70 2536 178 122 332 137 90 252 492
internal_value=0.000131985 0.00819399 -0.000198485 1.70062e-05 0.00324262 -0.000452292 -0.000632395 -0.000429258 -0.00198288 -0.00270652 -0.00486393 -0.000726555 -0.00329201 4.99236e-05
internal_weight=1157 40.8745 1116.13 1095.26 135.358 959.901 945.26 928.848 366.295 337.75 187.318 110.6 89.4948 150.432
internal_count=5255 288 4967 4861 575 4286 4216 4139 1603 1481 811 479 389 670
is_linear=0
shrinkage=0.02


Tree=153
num_leaves=15
num_cat=0
split_feature=8 8 7 12 7 12 9 12 9 18 8 6 6 18
split_gain=3.85574 6.50423 4.41921 4.24591 6.10876 4.1796 3.98929 3.9493 4.38528 4.94373 3.74684 3.52621 5.45012 7.07627
threshold=-10.437559808612438 -7.4619380619380609 104.36038961038962 -6.8662538699690394 112.7215762273902 -8.3275354517210598 0.73214285714285732 10.825757575757576 0.29285714285714287 13.846805786770597 6.3031794871794879 110.95521390374333 114.83847248576852 13.452951311114541
decision_type=2 2 2 2 2 2 2 2 2 2 2 2 2 2
left_child=-1 7 -3 4 5 11 10 8 -2 -10 -5 -4 -13 -14
right_child=1 2 3 6 -6 -7 -8 -9 9 -11 -12 12 13 -15
leaf_value=-0.0084391742640879605 0.0064641080348356141 0.0048433515810527459 0.0042252845575083443 0.00010850165564352466 0.0035134338314145898 -0.0099462647913069243 0.0043886663113397182 0.011505900027190966 0.0051436280531588765 -0.0094910268913257299 -0.0073415778971136171 -0.0094242761923566381 -0.0056585316552802394 0.0093774699722273067
leaf_weight=14.718344382941721 39.908175677061081 65.815041244029999 20.309764832258224 689.75399006158113 40.23932121694088 41.851323351264 80.491706430912018 25.079767137765884 12.411109939217569 15.633368745446203 23.097630515694618 37.434288904070854 24.984334081411362 16.523227363824844
leaf_count=81 196 285 97 3062 190 181 337 182 61 76 94 183 116 74
internal_value=0.000332214 0.000482667 1.85768e-05 -0.000330269 -0.00304738 -0.00497458 0.000306003 0.0054075 0.0025224 -0.00321614 -0.000182348 -0.00250169 -0.00438097 0.000691632
internal_weight=1148.25 1133.53 1040.5 974.686 181.342 141.103 793.343 93.0324 67.9527 28.0445 712.852 99.2516 78.9419 41.5076
internal_count=5215 5134 4619 4334 841 651 3493 515 333 137 3156 470 373 190
is_linear=0
shrinkage=0.02


Tree=154
num_leaves=15
num_cat=0
split_feature=10 4 11 13 4 5 13 9 13 2 5 8 18 16
split_gain=3.7659 4.09962 4.0989 5.40229 4.22589 3.83723 3.64396 5.33648 4.56465 5.07232 4.01737 5.11235 4.19464 3.82976
threshold=0.78679653679653694 0.47222222222222227 0.43534002229654406 110.33771929824563 0.68333333333333346 0.50308641975308654 110.25735294117648 0.21111111111111114 109.84292763157896 110.35653753026635 0.41719409282700431 6.7347222222222234 13.439623586846638 102.85714875410206
decision_type=2 2 2 2 2 2 2 2 2 2 2 2 2 2
left_child=6 -2 5 -4 -5 -3 7 -1 10 -10 -9 -12 -13 -8
right_child=1 2 3 4 -6 -7 13 8 9 -11 11 12 -14 -15
leaf_value=0.0068326666749134648 0.012329480947624585 0.0022370645453931525 -0.007823514214955217 0.0097608886134103977 -0.0015490397392148964 0.013212188008283004 -0.0097777599415399714 -0.004330386764805798 0.0144460973934261 0.00027132064642342312 0.0017055794138978201 -0.010893690218883804 0.0011566876139728057 -0.00094577367265400629
leaf_weight=52.35831880569458 12.622893258929251 46.813444793224335 25.751633197069168 15.908331125974653 32.907542511820793 14.082288861274717 15.518853001296518 75.607596576213837 13.439952306449412 22.75479431450367 266.47463123500347 20.653722047805786 19.440883502364159 518.28240814805031
leaf_count=250 60 282 114 71 151 67 80 346 62 98 1177 93 86 2287
internal_value=0.000279147 0.00320139 0.00194219 -0.00119675 0.00270113 0.00558502 -0.000165367 0.00111112 0.000322842 0.00664929 -0.000354447 0.000679876 -0.00557036 -0.00129089
internal_weight=1152.62 148.086 135.463 74.5675 48.8159 60.8957 1004.53 470.73 418.372 36.1947 382.177 306.569 40.0946 533.801
internal_count=5224 745 685 336 222 349 4479 2112 1862 160 1702 1356 179 2367
is_linear=0
shrinkage=0.02


Tree=155
num_leaves=15
num_cat=0
split_feature=12 17 17 7 3 18 3 0 0 18 3 3 16 7
split_gain=5.33895 4.4307 6.48881 4.9693 4.48201 6.03922 4.93098 4.7362 4.61618 5.83528 5.26665 6.24645 4.6067 4.17625
threshold=-14.813430012610338 11.231885360338943 11.640401097153973 118.59580274797669 2.9942857142857147 15.483833873465437 -9.7453703703703685 0.58712905452035902 0.61075036075036093 12.282602178358816 6.4502467105263168 8.1099033816425123 108.35319010133115 115.2420444945086
decision_type=2 2 2 2 2 2 2 2 2 2 2 2 2 2
left_child=-1 -2 -3 4 5 6 -4 -6 -9 -10 -11 12 -12 -8
right_child=1 2 3 -5 7 -7 13 8 9 10 11 -13 -14 -15
leaf_value=-0.0090102622377011624 -0.0085974350357840099 0.0089538353621356776 0.0064918215049691794 0.0046542321599345121 0.009317133201234817 0.0068995655338327426 -0.0012351714173319218 -0.0061327429480520744 0.0089603964215305872 0.002827287856231851 -0.0010427131591133672 0.0024879212119783517 -0.015637334446345578 -0.0054906255395898232
leaf_weight=21.539172321557999 18.141073271632195 28.197800680994987 24.190110743045807 78.890195779502392 24.930944547057152 30.214196175336838 580.44105951488018 28.04873564094305 33.483648501336575 115.28959707170725 15.708235211670397 28.231822654604912 16.594673380255699 105.93890386819839
leaf_count=110 79 130 110 400 116 140 2511 129 155 564 90 152 74 467
internal_value=-0.000143445 6.48277e-05 0.000244291 -2.28383e-05 -0.000411944 -0.00120649 -0.00159697 0.00181271 0.000848522 0.00190532 0.000351145 -0.00422063 -0.00963131 -0.00192693
internal_weight=1149.84 1128.3 1110.16 1081.96 1003.07 740.784 710.57 262.288 237.357 209.308 175.824 60.5347 32.3029 686.38
internal_count=5227 5117 5038 4908 4508 3228 3088 1280 1164 1035 880 316 164 2978
is_linear=0
shrinkage=0.02


Tree=156
num_leaves=15
num_cat=0
split_feature=12 12 14 14 11 15 16 3 3 3 14 0 17 0
split_gain=5.84561 3.86196 5.17395 9.4577 4.75002 4.4424 7.07142 4.21082 5.36175 4.16125 3.86308 3.43726 3.37427 3.30904
threshold=-14.472344652344651 6.0756340244353941 119.3514705882353 118.57735247208933 0.12701612903225809 112.6277361166344 102.72304923209954 -0.45393939393939381 1.1649659863945581 2.3969696969696974 123.2638888888889 0.60584720443875384 13.310120583342185 0.58995376208490968
decision_type=2 2 2 2 2 2 2 2 2 2 2 2 2 2
left_child=-1 2 3 4 -2 6 9 -4 -9 -3 11 -10 -5 -7
right_child=1 5 7 12 -6 13 -8 8 10 -11 -12 -13 -14 -15
leaf_value=-0.0083435337516024818 -0.0092612415697033643 -0.0080041659335016169 0.008108736482716216 -0.0028788018003268988 0.0002674673723771349 0.0060895004092753873 0.0088237960351025876 -0.0060688065157606377 0.013566283774628381 0.0052758122086381245 -0.0033758405323182812 0.0013293463571289606 -0.016104889460433442 -0.002970562055126373
leaf_weight=24.712741538882256 16.504230588674545 16.379394195973877 49.166911169886589 17.06919135153294 773.32782094180584 17.171224802732468 77.113639883697033 25.237383499741554 15.244799718260763 12.344356887042521 14.62169027328491 19.026256948709488 14.730444192886351 54.354335375130177
leaf_count=126 71 86 212 72 3334 97 443 105 64 80 61 81 63 311
internal_value=0.000416249 0.00064529 0.000130324 -0.000450343 1.13501e-05 0.00331005 0.00581875 0.00386655 0.000718328 -0.00236091 0.00445971 0.00780692 -0.0103612 -0.000539742
internal_weight=1147 1122.29 944.929 821.632 789.832 177.363 105.837 123.297 74.1301 28.7238 48.8927 34.2711 31.7996 71.5256
internal_count=5206 5080 4063 3540 3405 1017 609 523 311 166 206 145 135 408
is_linear=0
shrinkage=0.02


end of trees

feature_importances:
net_rtg_diff=227
plus_minus_avg_home=196
home_split_win_pct=152
tov_rate_home=150
opp_ppg_away=149
win_pct_home=141
away_split_win_pct=140
plus_minus_avg_away=112
off_efficiency_away=112
tov_rate_away=107
away_team_home_ppg=99
win_pct_away=93
opp_ppg_home=92
home_team_away_ppg=82
ppg_away=80
ppg_home=75
off_efficiency_home=68
last10_win_pct_away=66
last10_win_pct_home=57

parameters:
[boosting: gbdt]
[objective: binary]
[metric: binary_logloss]
[tree_learner: serial]
[device_type: cpu]
[data_sample_strategy: bagging]
[data: ]
[valid: ]
[num_iterations: 3000]
[learning_rate: 0.02]
[num_leaves: 15]
[num_threads: 0]
[seed: 42]
[deterministic: 0]
[force_col_wise: 0]
[force_row_wise: 0]
[histogram_pool_size: -1]
[max_depth: -1]
[min_data_in_leaf: 60]
[min_sum_hessian_in_leaf: 0.001]
[bagging_fraction: 0.8]
[pos_bagging_fraction: 1]
[neg_bagging_fraction: 1]
[bagging_freq: 1]
[bagging_seed: 400]
[bagging_by_query: 0]
[feature_fraction: 0.75]
[feature_fraction_bynode: 1]
[feature_fraction_seed: 30056]
[extra_trees: 0]
[extra_seed: 12879]
[early_stopping_round: 0]
[early_stopping_min_delta: 0]
[first_metric_only: 0]
[max_delta_step: 0]
[lambda_l1: 0]
[lambda_l2: 5]
[linear_lambda: 0]
[min_gain_to_split: 0]
[drop_rate: 0.1]
[max_drop: 50]
[skip_drop: 0.5]
[xgboost_dart_mode: 0]
[uniform_drop: 0]
[drop_seed: 17869]
[top_rate: 0.2]
[other_rate: 0.1]
[min_data_per_group: 100]
[max_cat_threshold: 32]
[cat_l2: 10]
[cat_smooth: 10]
[max_cat_to_onehot: 4]
[top_k: 20]
[monotone_constraints: ]
[monotone_constraints_method: basic]
[monotone_penalty: 0]
[feature_contri: ]
[forcedsplits_filename: ]
[refit_decay_rate: 0.9]
[cegb_tradeoff: 1]
[cegb_penalty_split: 0]
[cegb_penalty_feature_lazy: ]
[cegb_penalty_feature_coupled: ]
[path_smooth: 0]
[interaction_constraints: ]
[verbosity: -1]
[saved_feature_importance_type: 0]
[use_quantized_grad: 0]
[num_grad_quant_bins: 4]
[quant_train_renew_leaf: 0]
[stochastic_rounding: 1]
[linear_tree: 0]
[max_bin: 255]
[max_bin_by_feature: ]
[min_data_in_bin: 3]
[bin_construct_sample_cnt: 200000]
[data_random_seed: 175]
[is_enable_sparse: 1]
[enable_bundle: 1]
[use_missing: 1]
[zero_as_missing: 0]
[feature_pre_filter: 1]
[pre_partition: 0]
[two_round: 0]
[header: 0]
[label_column: ]
[weight_column: ]
[group_column: ]
[ignore_column: ]
[categorical_feature: ]
[forcedbins_filename: ]
[precise_float_parser: 0]
[parser_config_file: ]
[objective_seed: 16083]
[num_class: 1]
[is_unbalance: 0]
[scale_pos_weight: 1]
[sigmoid: 1]
[boost_from_average: 1]
[reg_sqrt: 0]
[alpha: 0.9]
[fair_c: 1]
[poisson_max_delta_step: 0.7]
[tweedie_variance_power: 1.5]
[lambdarank_truncation_level: 30]
[lambdarank_norm: 1]
[label_gain: ]
[lambdarank_position_bias_regularization: 0]
[eval_at: ]
[multi_error_top_k: 1]
[auc_mu_weights: ]
[num_machines: 1]
[local_listen_port: 12400]
[time_out: 120]
[machine_list_filename: ]
[machines: ]
[gpu_platform_id: -1]
[gpu_device_id: -1]
[gpu_device_id_list: ]
[gpu_use_dp: 0]
[num_gpu: 1]

end of parameters

pandas_categorical:[]
